"Month","Year","Amount","Description","Category","Classify","Expense Type"
"01","2025","0","Mua đồ hành chính","3. Chi phí quản lý doanh nghiệp","Văn phòng phẩm","Biến phí"
"01","2025","15.933.334","Mua đồ hành chính","3. Chi phí quản lý doanh nghiệp","Văn phòng phẩm","Biến phí"
"01","2025","22.841.000","Tiền thuê xe","3. Chi phí quản lý doanh nghiệp","Thuê xe, bãi xe","Định phí"
"01","2025","5.110.000","Mua đồ hành chính","3. Chi phí quản lý doanh nghiệp","Văn phòng phẩm","Biến phí"
"01","2025","18.494.808","Điện + Nước","3. Chi phí quản lý doanh nghiệp","Điện, nước, wifi","Biến phí"
"01","2025","12.026.667","Tiếp khách","6. Chi phí khác","Tiếp khách phòng khám","Biến phí"
"01","2025","44.291.333","Tặng phẩm khách","2. Chi phí bán hàng","Tặng phẩm khách","Biến phí"
"01","2025","180.000.000","Marketing chạy Quảng cáo","2. Chi phí bán hàng","Marketing chạy quảng cáo","Biến phí"
"01","2025","17.050.000","Sửa chữa","3. Chi phí quản lý doanh nghiệp","Bảo trì - sửa chữa - khử khuẩn","Biến phí"
"01","2025","0","Cộng tác viên","2. Chi phí bán hàng","Chi phí referral/Hoa hồng giới thiệu","Biến phí"
"01","2025","10.533.123","Quỹ thưởng gián tiếp","4. Chi phí nhân sự","Thưởng nóng, liên hoan","Biến phí"
"01","2025","0","Đi trường","2. Chi phí bán hàng","Đi trường","Biến phí"
"01","2025","17.916.667","Hành chính MKT","2. Chi phí bán hàng","Hành chính MKT","Biến phí"
"01","2025","71.366.340","Hoa hồng giới thiệu","2. Chi phí bán hàng","Chi phí referral/Hoa hồng giới thiệu","Biến phí"
"01","2025","21.500.000","Tiktok","2. Chi phí bán hàng","Chi phí quảng cáo Meta/Google/Tiktok","Biến phí"
"01","2025","0","SEO","2. Chi phí bán hàng","Chi phí quảng cáo Meta/Google/Tiktok","Biến phí"
"01","2025","315.750.671","KPI","4. Chi phí nhân sự","Thưởng KPI","Biến phí"
"01","2025","13.555.182","Phí cà thẻ","6. Chi phí khác","Phí cà thẻ","Biến phí"
"01","2025","11.299.500","Tiếp khách","6. Chi phí khác","Tiếp khách phòng khám","Biến phí"
"01","2025","411.467.293","Lương","4. Chi phí nhân sự","Lương cố định bộ phận văn phòng","Định phí"
"01","2025","128.678.500","Chi phí Mặt bằng","3. Chi phí quản lý doanh nghiệp","Thuê mặt bằng","Định phí"
"01","2025","27.979.000","Bảo hiểm","4. Chi phí nhân sự","Bảo hiểm","Định phí"
"01","2025","18.000.000","Thuê bằng","3. Chi phí quản lý doanh nghiệp","Thuê bằng bác sĩ","Định phí"
"01","2025","15.883.333","Mua đồ hành chính","3. Chi phí quản lý doanh nghiệp","Văn phòng phẩm","Biến phí"
"01","2025","5.000.000","Mua đồ hành chính","3. Chi phí quản lý doanh nghiệp","Văn phòng phẩm","Biến phí"
"01","2025","40.000","Tiền vật liệu","1. Giá vốn hàng bán","Vật tư nha khoa (điều trị - nội nha - nha chu)","Biến phí"
"01","2025","983.333","Tiền vật liệu","1. Giá vốn hàng bán","Vật tư nha khoa (điều trị - nội nha - nha chu)","Biến phí"
"01","2025","440.000","Tiền vật liệu","1. Giá vốn hàng bán","Vật tư nha khoa (điều trị - nội nha - nha chu)","Biến phí"
"01","2025","1.273.000","Tiền vật liệu","1. Giá vốn hàng bán","Vật tư nha khoa (điều trị - nội nha - nha chu)","Biến phí"
"01","2025","895.000","Tiền vật liệu","1. Giá vốn hàng bán","Vật tư nha khoa (điều trị - nội nha - nha chu)","Biến phí"
"01","2025","1.400.000","Tiền vật liệu","1. Giá vốn hàng bán","Vật tư nha khoa (điều trị - nội nha - nha chu)","Biến phí"
"01","2025","73.120.000","Tiền vật liệu","1. Giá vốn hàng bán","Vật tư nha khoa (điều trị - nội nha - nha chu)","Biến phí"
"01","2025","598.300.000","Tiền Lab","1. Giá vốn hàng bán","Lab răng sứ","Biến phí"
"01","2025","50.000.000","Quỹ thưởng tổng cuối năm","4. Chi phí nhân sự","Thưởng nóng, liên hoan","Biến phí"
"01","2025","0","Tiền dự trù phát sinh","6. Chi phí khác","Quỹ dự phòng","Biến phí"
"01","2025","51.700.000","Mua sắm tài sản","6. Chi phí khác","Mua sắm tài sản","Biến phí"
"01","2025","3.109.333","Tiền thưởng nóng + liên hoan","4. Chi phí nhân sự","Thưởng nóng, liên hoan","Biến phí"
"01","2025","0","Hoa hồng giới thiệu","2. Chi phí bán hàng","Chi phí referral/Hoa hồng giới thiệu","Biến phí"
"01","2025","2.413.333","Đào tạo","4. Chi phí nhân sự","Đào tạo nhân sự","Biến phí"
"02","2025","0","Mua đồ hành chính","3. Chi phí quản lý doanh nghiệp","Văn phòng phẩm","Biến phí"
"02","2025","33.367.335","Mua đồ hành chính","3. Chi phí quản lý doanh nghiệp","Văn phòng phẩm","Biến phí"
"02","2025","15.474.568","Tiền thuê xe","3. Chi phí quản lý doanh nghiệp","Thuê xe, bãi xe","Định phí"
"02","2025","4.916.667","Mua đồ hành chính","3. Chi phí quản lý doanh nghiệp","Văn phòng phẩm","Biến phí"
"02","2025","14.738.973","Điện + Nước","3. Chi phí quản lý doanh nghiệp","Điện, nước, wifi","Biến phí"
"02","2025","19.016.666","Tiếp khách","6. Chi phí khác","Tiếp khách phòng khám","Biến phí"
"02","2025","17.528.667","Tặng phẩm khách","2. Chi phí bán hàng","Tặng phẩm khách","Biến phí"
"02","2025","100.000.000","Marketing chạy Quảng cáo","2. Chi phí bán hàng","Marketing chạy quảng cáo","Biến phí"
"02","2025","17.943.333","Sửa chữa","3. Chi phí quản lý doanh nghiệp","Bảo trì - sửa chữa - khử khuẩn","Biến phí"
"02","2025","0","Cộng tác viên","2. Chi phí bán hàng","Chi phí referral/Hoa hồng giới thiệu","Biến phí"
"02","2025","7.788.727","Quỹ thưởng gián tiếp","4. Chi phí nhân sự","Thưởng nóng, liên hoan","Biến phí"
"02","2025","0","Đi trường","2. Chi phí bán hàng","Đi trường","Biến phí"
"02","2025","8.733.333","Hành chính MKT","2. Chi phí bán hàng","Hành chính MKT","Biến phí"
"02","2025","10.048.730","Hoa hồng giới thiệu","2. Chi phí bán hàng","Chi phí referral/Hoa hồng giới thiệu","Biến phí"
"02","2025","0","Tiktok","2. Chi phí bán hàng","Chi phí quảng cáo Meta/Google/Tiktok","Biến phí"
"02","2025","0","SEO","2. Chi phí bán hàng","Chi phí quảng cáo Meta/Google/Tiktok","Biến phí"
"02","2025","133.153.674","KPI","4. Chi phí nhân sự","Thưởng KPI","Biến phí"
"02","2025","9.527.504","Phí cà thẻ","6. Chi phí khác","Phí cà thẻ","Biến phí"
"02","2025","7.942.500","Tiếp khách","6. Chi phí khác","Tiếp khách phòng khám","Biến phí"
"02","2025","368.805.844","Lương","4. Chi phí nhân sự","Lương cố định bộ phận văn phòng","Định phí"
"02","2025","127.714.660","Chi phí Mặt bằng","3. Chi phí quản lý doanh nghiệp","Thuê mặt bằng","Định phí"
"02","2025","30.006.613","Bảo hiểm","4. Chi phí nhân sự","Bảo hiểm","Định phí"
"02","2025","18.000.000","Thuê bằng","3. Chi phí quản lý doanh nghiệp","Thuê bằng bác sĩ","Định phí"
"02","2025","10.666.667","Mua đồ hành chính","3. Chi phí quản lý doanh nghiệp","Văn phòng phẩm","Biến phí"
"02","2025","6.400.000","Tiền vật liệu","1. Giá vốn hàng bán","Vật tư nha khoa (điều trị - nội nha - nha chu)","Biến phí"
"02","2025","5.116.000","Tiền vật liệu","1. Giá vốn hàng bán","Vật tư nha khoa (điều trị - nội nha - nha chu)","Biến phí"
"02","2025","49.980.000","Tiền vật liệu","1. Giá vốn hàng bán","Vật tư nha khoa (điều trị - nội nha - nha chu)","Biến phí"
"02","2025","1.337.000","Tiền vật liệu","1. Giá vốn hàng bán","Vật tư nha khoa (điều trị - nội nha - nha chu)","Biến phí"
"02","2025","406.750.000","Tiền Lab","1. Giá vốn hàng bán","Lab răng sứ","Biến phí"
"02","2025","0","Quỹ thưởng tổng cuối năm","4. Chi phí nhân sự","Thưởng nóng, liên hoan","Biến phí"
"02","2025","0","Tiền dự trù phát sinh","6. Chi phí khác","Quỹ dự phòng","Biến phí"
"02","2025","51.442.000","Mua sắm tài sản","6. Chi phí khác","Mua sắm tài sản","Biến phí"
"02","2025","15.896.668","Tiền thưởng nóng + liên hoan","4. Chi phí nhân sự","Thưởng nóng, liên hoan","Biến phí"
"02","2025","0","Hoa hồng giới thiệu","2. Chi phí bán hàng","Chi phí referral/Hoa hồng giới thiệu","Biến phí"
"02","2025","666.667","Đào tạo","4. Chi phí nhân sự","Đào tạo nhân sự","Biến phí"
"03","2025","0","Mua đồ hành chính","3. Chi phí quản lý doanh nghiệp","Văn phòng phẩm","Biến phí"
"03","2025","58.220.019","Mua đồ hành chính","3. Chi phí quản lý doanh nghiệp","Văn phòng phẩm","Biến phí"
"03","2025","22.646.177","Tiền thuê xe","3. Chi phí quản lý doanh nghiệp","Thuê xe, bãi xe","Định phí"
"03","2025","4.588.000","Mua đồ hành chính","3. Chi phí quản lý doanh nghiệp","Văn phòng phẩm","Biến phí"
"03","2025","15.760.186","Điện + Nước","3. Chi phí quản lý doanh nghiệp","Điện, nước, wifi","Biến phí"
"03","2025","20.715.335","Tiếp khách","6. Chi phí khác","Tiếp khách phòng khám","Biến phí"
"03","2025","888.667","Tặng phẩm khách","2. Chi phí bán hàng","Tặng phẩm khách","Biến phí"
"03","2025","200.000.000","Marketing chạy Quảng cáo","2. Chi phí bán hàng","Marketing chạy quảng cáo","Biến phí"
"03","2025","28.668.334","Sửa chữa","3. Chi phí quản lý doanh nghiệp","Bảo trì - sửa chữa - khử khuẩn","Biến phí"
"03","2025","0","Cộng tác viên","2. Chi phí bán hàng","Chi phí referral/Hoa hồng giới thiệu","Biến phí"
"03","2025","12.821.541","Quỹ thưởng gián tiếp","4. Chi phí nhân sự","Thưởng nóng, liên hoan","Biến phí"
"03","2025","0","Đi trường","2. Chi phí bán hàng","Đi trường","Biến phí"
"03","2025","50.401.334","Hành chính MKT","2. Chi phí bán hàng","Hành chính MKT","Biến phí"
"03","2025","26.893.475","Hoa hồng giới thiệu","2. Chi phí bán hàng","Chi phí referral/Hoa hồng giới thiệu","Biến phí"
"03","2025","0","Tiktok","2. Chi phí bán hàng","Chi phí quảng cáo Meta/Google/Tiktok","Biến phí"
"03","2025","0","SEO","2. Chi phí bán hàng","Chi phí quảng cáo Meta/Google/Tiktok","Biến phí"
"03","2025","260.244.766","KPI","4. Chi phí nhân sự","Thưởng KPI","Biến phí"
"03","2025","8.361.053","Phí cà thẻ","6. Chi phí khác","Phí cà thẻ","Biến phí"
"03","2025","10.430.500","Tiếp khách","6. Chi phí khác","Tiếp khách phòng khám","Biến phí"
"03","2025","410.741.690","Lương","4. Chi phí nhân sự","Lương cố định bộ phận văn phòng","Định phí"
"03","2025","128.489.333","Chi phí Mặt bằng","3. Chi phí quản lý doanh nghiệp","Thuê mặt bằng","Định phí"
"03","2025","28.938.240","Bảo hiểm","4. Chi phí nhân sự","Bảo hiểm","Định phí"
"03","2025","18.000.000","Thuê bằng","3. Chi phí quản lý doanh nghiệp","Thuê bằng bác sĩ","Định phí"
"03","2025","12.000.000","Mua đồ hành chính","3. Chi phí quản lý doanh nghiệp","Văn phòng phẩm","Biến phí"
"03","2025","41.937.000","Tiền vật liệu","1. Giá vốn hàng bán","Vật tư nha khoa (điều trị - nội nha - nha chu)","Biến phí"
"03","2025","420.900.000","Tiền Lab","1. Giá vốn hàng bán","Lab răng sứ","Biến phí"
"03","2025","100.000.000","Quỹ thưởng tổng cuối năm","4. Chi phí nhân sự","Thưởng nóng, liên hoan","Biến phí"
"03","2025","0","Tiền dự trù phát sinh","6. Chi phí khác","Quỹ dự phòng","Biến phí"
"03","2025","36.868.667","Mua sắm tài sản","6. Chi phí khác","Mua sắm tài sản","Biến phí"
"03","2025","17.762.667","Tiền thưởng nóng + liên hoan","4. Chi phí nhân sự","Thưởng nóng, liên hoan","Biến phí"
"03","2025","0","Hoa hồng giới thiệu","2. Chi phí bán hàng","Chi phí referral/Hoa hồng giới thiệu","Biến phí"
"03","2025","1.166.667","Đào tạo","4. Chi phí nhân sự","Đào tạo nhân sự","Biến phí"
"04","2025","0","Mua đồ hành chính","3. Chi phí quản lý doanh nghiệp","Văn phòng phẩm","Biến phí"
"04","2025","20.505.669","Mua đồ hành chính","3. Chi phí quản lý doanh nghiệp","Văn phòng phẩm","Biến phí"
"04","2025","22.312.000","Tiền thuê xe","3. Chi phí quản lý doanh nghiệp","Thuê xe, bãi xe","Định phí"
"04","2025","4.860.667","Mua đồ hành chính","3. Chi phí quản lý doanh nghiệp","Văn phòng phẩm","Biến phí"
"04","2025","22.915.694","Điện + Nước","3. Chi phí quản lý doanh nghiệp","Điện, nước, wifi","Biến phí"
"04","2025","10.865.680","Tiếp khách","6. Chi phí khác","Tiếp khách phòng khám","Biến phí"
"04","2025","225.000.000","Marketing chạy Quảng cáo","2. Chi phí bán hàng","Marketing chạy quảng cáo","Biến phí"
"04","2025","32.933.200","Sửa chữa","3. Chi phí quản lý doanh nghiệp","Bảo trì - sửa chữa - khử khuẩn","Biến phí"
"04","2025","0","Cộng tác viên","2. Chi phí bán hàng","Chi phí referral/Hoa hồng giới thiệu","Biến phí"
"04","2025","10.291.074","Quỹ thưởng gián tiếp","4. Chi phí nhân sự","Thưởng nóng, liên hoan","Biến phí"
"04","2025","4.500.000","Đi trường","2. Chi phí bán hàng","Đi trường","Biến phí"
"04","2025","20.089.734","Hành chính MKT","2. Chi phí bán hàng","Hành chính MKT","Biến phí"
"04","2025","29.095.250","Hoa hồng giới thiệu","2. Chi phí bán hàng","Chi phí referral/Hoa hồng giới thiệu","Biến phí"
"04","2025","0","Tiktok","2. Chi phí bán hàng","Chi phí quảng cáo Meta/Google/Tiktok","Biến phí"
"04","2025","0","SEO","2. Chi phí bán hàng","Chi phí quảng cáo Meta/Google/Tiktok","Biến phí"
"04","2025","209.944.603","KPI","4. Chi phí nhân sự","Thưởng KPI","Biến phí"
"04","2025","12.166.804","Phí cà thẻ","6. Chi phí khác","Phí cà thẻ","Biến phí"
"04","2025","11.418.000","Tiếp khách","6. Chi phí khác","Tiếp khách phòng khám","Biến phí"
"04","2025","413.725.642","Lương","4. Chi phí nhân sự","Lương cố định bộ phận văn phòng","Định phí"
"04","2025","129.913.020","Chi phí Mặt bằng","3. Chi phí quản lý doanh nghiệp","Thuê mặt bằng","Định phí"
"04","2025","29.013.360","Bảo hiểm","4. Chi phí nhân sự","Bảo hiểm","Định phí"
"04","2025","18.000.000","Thuê bằng","3. Chi phí quản lý doanh nghiệp","Thuê bằng bác sĩ","Định phí"
"04","2025","14.166.667","Mua đồ hành chính","3. Chi phí quản lý doanh nghiệp","Văn phòng phẩm","Biến phí"
"04","2025","1.686.667","Tiền vật liệu","1. Giá vốn hàng bán","Vật tư nha khoa (điều trị - nội nha - nha chu)","Biến phí"
"04","2025","2.406.667","Tiền vật liệu","1. Giá vốn hàng bán","Vật tư nha khoa (điều trị - nội nha - nha chu)","Biến phí"
"04","2025","7.750.000","Tiền vật liệu","1. Giá vốn hàng bán","Vật tư nha khoa (điều trị - nội nha - nha chu)","Biến phí"
"04","2025","48.175.000","Tiền vật liệu","1. Giá vốn hàng bán","Vật tư nha khoa (điều trị - nội nha - nha chu)","Biến phí"
"04","2025","23.473.000","Tiền vật liệu","1. Giá vốn hàng bán","Vật tư nha khoa (điều trị - nội nha - nha chu)","Biến phí"
"04","2025","3.200.000","Tiền vật liệu","1. Giá vốn hàng bán","Vật tư nha khoa (điều trị - nội nha - nha chu)","Biến phí"
"04","2025","15.900.000","Tiền vật liệu","1. Giá vốn hàng bán","Vật tư nha khoa (điều trị - nội nha - nha chu)","Biến phí"
"04","2025","60.231.000","Tiền vật liệu","1. Giá vốn hàng bán","Vật tư nha khoa (điều trị - nội nha - nha chu)","Biến phí"
"04","2025","435.400.000","Tiền Lab","1. Giá vốn hàng bán","Lab răng sứ","Biến phí"
"04","2025","100.000.000","Quỹ thưởng tổng cuối năm","4. Chi phí nhân sự","Thưởng nóng, liên hoan","Biến phí"
"04","2025","0","Tiền dự trù phát sinh","6. Chi phí khác","Quỹ dự phòng","Biến phí"
"04","2025","5.083.001","Mua sắm tài sản","6. Chi phí khác","Mua sắm tài sản","Biến phí"
"04","2025","3.191.667","Tiền thưởng nóng + liên hoan","4. Chi phí nhân sự","Thưởng nóng, liên hoan","Biến phí"
"04","2025","0","Hoa hồng giới thiệu","2. Chi phí bán hàng","Chi phí referral/Hoa hồng giới thiệu","Biến phí"
"04","2025","1.000.000","Đào tạo","4. Chi phí nhân sự","Đào tạo nhân sự","Biến phí"
"05","2025","0","Mua đồ hành chính","3. Chi phí quản lý doanh nghiệp","Văn phòng phẩm","Biến phí"
"05","2025","30.262.003","Mua đồ hành chính","3. Chi phí quản lý doanh nghiệp","Văn phòng phẩm","Biến phí"
"05","2025","22.349.000","Tiền thuê xe","3. Chi phí quản lý doanh nghiệp","Thuê xe, bãi xe","Định phí"
"05","2025","5.420.334","Mua đồ hành chính","3. Chi phí quản lý doanh nghiệp","Văn phòng phẩm","Biến phí"
"05","2025","26.520.745","Điện + Nước","3. Chi phí quản lý doanh nghiệp","Điện, nước, wifi","Biến phí"
"05","2025","21.598.935","Tiếp khách","6. Chi phí khác","Tiếp khách phòng khám","Biến phí"
"05","2025","19.000.000","Tặng phẩm khách","2. Chi phí bán hàng","Tặng phẩm khách","Biến phí"
"05","2025","200.000.000","Marketing chạy Quảng cáo","2. Chi phí bán hàng","Marketing chạy quảng cáo","Biến phí"
"05","2025","16.600.000","Sửa chữa","3. Chi phí quản lý doanh nghiệp","Bảo trì - sửa chữa - khử khuẩn","Biến phí"
"05","2025","0","Cộng tác viên","2. Chi phí bán hàng","Chi phí referral/Hoa hồng giới thiệu","Biến phí"
"05","2025","11.399.934","Quỹ thưởng gián tiếp","4. Chi phí nhân sự","Thưởng nóng, liên hoan","Biến phí"
"05","2025","0","Đi trường","2. Chi phí bán hàng","Đi trường","Biến phí"
"05","2025","38.150.000","Hành chính MKT","2. Chi phí bán hàng","Hành chính MKT","Biến phí"
"05","2025","20.010.100","Hoa hồng giới thiệu","2. Chi phí bán hàng","Chi phí referral/Hoa hồng giới thiệu","Biến phí"
"05","2025","0","Tiktok","2. Chi phí bán hàng","Chi phí quảng cáo Meta/Google/Tiktok","Biến phí"
"05","2025","0","SEO","2. Chi phí bán hàng","Chi phí quảng cáo Meta/Google/Tiktok","Biến phí"
"05","2025","233.810.023","KPI","4. Chi phí nhân sự","Thưởng KPI","Biến phí"
"05","2025","5.726.780","Phí cà thẻ","6. Chi phí khác","Phí cà thẻ","Biến phí"
"05","2025","13.428.500","Tiếp khách","6. Chi phí khác","Tiếp khách phòng khám","Biến phí"
"05","2025","475.689.443","Lương","4. Chi phí nhân sự","Lương cố định bộ phận văn phòng","Định phí"
"05","2025","142.111.333","Chi phí Mặt bằng","3. Chi phí quản lý doanh nghiệp","Thuê mặt bằng","Định phí"
"05","2025","31.069.867","Bảo hiểm","4. Chi phí nhân sự","Bảo hiểm","Định phí"
"05","2025","18.000.000","Thuê bằng","3. Chi phí quản lý doanh nghiệp","Thuê bằng bác sĩ","Định phí"
"05","2025","13.666.667","Mua đồ hành chính","3. Chi phí quản lý doanh nghiệp","Văn phòng phẩm","Biến phí"
"05","2025","3.350.000","Tiền vật liệu","1. Giá vốn hàng bán","Vật tư nha khoa (điều trị - nội nha - nha chu)","Biến phí"
"05","2025","4.533.000","Tiền vật liệu","1. Giá vốn hàng bán","Vật tư nha khoa (điều trị - nội nha - nha chu)","Biến phí"
"05","2025","32.286.000","Tiền vật liệu","1. Giá vốn hàng bán","Vật tư nha khoa (điều trị - nội nha - nha chu)","Biến phí"
"05","2025","400.000","Tiền vật liệu","1. Giá vốn hàng bán","Vật tư nha khoa (điều trị - nội nha - nha chu)","Biến phí"
"05","2025","2.800.000","Tiền vật liệu","1. Giá vốn hàng bán","Vật tư nha khoa (điều trị - nội nha - nha chu)","Biến phí"
"05","2025","2.910.000","Tiền vật liệu","1. Giá vốn hàng bán","Vật tư nha khoa (điều trị - nội nha - nha chu)","Biến phí"
"05","2025","5.556.000","Tiền vật liệu","1. Giá vốn hàng bán","Vật tư nha khoa (điều trị - nội nha - nha chu)","Biến phí"
"05","2025","14.645.000","Tiền vật liệu","1. Giá vốn hàng bán","Vật tư nha khoa (điều trị - nội nha - nha chu)","Biến phí"
"05","2025","19.200.000","Tiền vật liệu","1. Giá vốn hàng bán","Vật tư nha khoa (điều trị - nội nha - nha chu)","Biến phí"
"05","2025","25.666.000","Tiền vật liệu","1. Giá vốn hàng bán","Vật tư nha khoa (điều trị - nội nha - nha chu)","Biến phí"
"05","2025","445.300.000","Tiền Lab","1. Giá vốn hàng bán","Lab răng sứ","Biến phí"
"05","2025","100.000.000","Quỹ thưởng tổng cuối năm","4. Chi phí nhân sự","Thưởng nóng, liên hoan","Biến phí"
"05","2025","0","Tiền dự trù phát sinh","6. Chi phí khác","Quỹ dự phòng","Biến phí"
"05","2025","1.233.333","Mua sắm tài sản","6. Chi phí khác","Mua sắm tài sản","Biến phí"
"05","2025","7.848.333","Tiền thưởng nóng + liên hoan","4. Chi phí nhân sự","Thưởng nóng, liên hoan","Biến phí"
"05","2025","0","Hoa hồng giới thiệu","2. Chi phí bán hàng","Chi phí referral/Hoa hồng giới thiệu","Biến phí"
"05","2025","9.828.000","Đào tạo","4. Chi phí nhân sự","Đào tạo nhân sự","Biến phí"
"06","2025","0","Mua đồ hành chính","3. Chi phí quản lý doanh nghiệp","Văn phòng phẩm","Biến phí"
"06","2025","16.402.668","Mua đồ hành chính","3. Chi phí quản lý doanh nghiệp","Văn phòng phẩm","Biến phí"
"06","2025","22.622.500","Tiền thuê xe","3. Chi phí quản lý doanh nghiệp","Thuê xe, bãi xe","Định phí"
"06","2025","4.863.333","Mua đồ hành chính","3. Chi phí quản lý doanh nghiệp","Văn phòng phẩm","Biến phí"
"06","2025","22.709.164","Điện + Nước","3. Chi phí quản lý doanh nghiệp","Điện, nước, wifi","Biến phí"
"06","2025","23.846.632","Tiếp khách","6. Chi phí khác","Tiếp khách phòng khám","Biến phí"
"06","2025","2.425.000","Tặng phẩm khách","2. Chi phí bán hàng","Tặng phẩm khách","Biến phí"
"06","2025","154.000.000","Marketing chạy Quảng cáo","2. Chi phí bán hàng","Marketing chạy quảng cáo","Biến phí"
"06","2025","27.851.669","Sửa chữa","3. Chi phí quản lý doanh nghiệp","Bảo trì - sửa chữa - khử khuẩn","Biến phí"
"06","2025","0","Cộng tác viên","2. Chi phí bán hàng","Chi phí referral/Hoa hồng giới thiệu","Biến phí"
"06","2025","12.502.918","Quỹ thưởng gián tiếp","4. Chi phí nhân sự","Thưởng nóng, liên hoan","Biến phí"
"06","2025","0","Đi trường","2. Chi phí bán hàng","Đi trường","Biến phí"
"06","2025","15.393.334","Hành chính MKT","2. Chi phí bán hàng","Hành chính MKT","Biến phí"
"06","2025","52.357.500","Hoa hồng giới thiệu","2. Chi phí bán hàng","Chi phí referral/Hoa hồng giới thiệu","Biến phí"
"06","2025","0","Tiktok","2. Chi phí bán hàng","Chi phí quảng cáo Meta/Google/Tiktok","Biến phí"
"06","2025","0","SEO","2. Chi phí bán hàng","Chi phí quảng cáo Meta/Google/Tiktok","Biến phí"
"06","2025","177.262.467","KPI","4. Chi phí nhân sự","Thưởng KPI","Biến phí"
"06","2025","8.719.777","Phí cà thẻ","6. Chi phí khác","Phí cà thẻ","Biến phí"
"06","2025","13.044.466","Tiếp khách","6. Chi phí khác","Tiếp khách phòng khám","Biến phí"
"06","2025","454.126.308","Lương","4. Chi phí nhân sự","Lương cố định bộ phận văn phòng","Định phí"
"06","2025","117.945.000","Chi phí Mặt bằng","3. Chi phí quản lý doanh nghiệp","Thuê mặt bằng","Định phí"
"06","2025","38.223.360","Bảo hiểm","4. Chi phí nhân sự","Bảo hiểm","Định phí"
"06","2025","18.000.000","Thuê bằng","3. Chi phí quản lý doanh nghiệp","Thuê bằng bác sĩ","Định phí"
"06","2025","15.333.333","Mua đồ hành chính","3. Chi phí quản lý doanh nghiệp","Văn phòng phẩm","Biến phí"
"06","2025","11.065.000","Tiền vật liệu","1. Giá vốn hàng bán","Vật tư nha khoa (điều trị - nội nha - nha chu)","Biến phí"
"06","2025","57.968.000","Tiền vật liệu","1. Giá vốn hàng bán","Vật tư nha khoa (điều trị - nội nha - nha chu)","Biến phí"
"06","2025","12.800.000","Tiền vật liệu","1. Giá vốn hàng bán","Vật tư nha khoa (điều trị - nội nha - nha chu)","Biến phí"
"06","2025","406.800.000","Tiền Lab","1. Giá vốn hàng bán","Lab răng sứ","Biến phí"
"06","2025","0","Quỹ thưởng tổng cuối năm","4. Chi phí nhân sự","Thưởng nóng, liên hoan","Biến phí"
"06","2025","0","Tiền dự trù phát sinh","6. Chi phí khác","Quỹ dự phòng","Biến phí"
"06","2025","4.083.334","Mua sắm tài sản","6. Chi phí khác","Mua sắm tài sản","Biến phí"
"06","2025","4.600.000","Tiền thưởng nóng + liên hoan","4. Chi phí nhân sự","Thưởng nóng, liên hoan","Biến phí"
"06","2025","0","Hoa hồng giới thiệu","2. Chi phí bán hàng","Chi phí referral/Hoa hồng giới thiệu","Biến phí"
"06","2025","10.166.666","Đào tạo","4. Chi phí nhân sự","Đào tạo nhân sự","Biến phí"
"07","2025","0","Mua đồ hành chính","3. Chi phí quản lý doanh nghiệp","Văn phòng phẩm","Biến phí"
"07","2025","22.748.672","Mua đồ hành chính","3. Chi phí quản lý doanh nghiệp","Văn phòng phẩm","Biến phí"
"07","2025","22.274.500","Tiền thuê xe","3. Chi phí quản lý doanh nghiệp","Thuê xe, bãi xe","Định phí"
"07","2025","5.286.667","Mua đồ hành chính","3. Chi phí quản lý doanh nghiệp","Văn phòng phẩm","Biến phí"
"07","2025","23.540.712","Điện + Nước","3. Chi phí quản lý doanh nghiệp","Điện, nước, wifi","Biến phí"
"07","2025","18.466.000","Tiếp khách","6. Chi phí khác","Tiếp khách phòng khám","Biến phí"
"07","2025","40.358.000","Tặng phẩm khách","2. Chi phí bán hàng","Tặng phẩm khách","Biến phí"
"07","2025","202.000.000","Marketing chạy Quảng cáo","2. Chi phí bán hàng","Marketing chạy quảng cáo","Biến phí"
"07","2025","21.536.001","Sửa chữa","3. Chi phí quản lý doanh nghiệp","Bảo trì - sửa chữa - khử khuẩn","Biến phí"
"07","2025","0","Cộng tác viên","2. Chi phí bán hàng","Chi phí referral/Hoa hồng giới thiệu","Biến phí"
"07","2025","11.782.443","Quỹ thưởng gián tiếp","4. Chi phí nhân sự","Thưởng nóng, liên hoan","Biến phí"
"07","2025","0","Đi trường","2. Chi phí bán hàng","Đi trường","Biến phí"
"07","2025","12.702.667","Hành chính MKT","2. Chi phí bán hàng","Hành chính MKT","Biến phí"
"07","2025","56.893.500","Hoa hồng giới thiệu","2. Chi phí bán hàng","Chi phí referral/Hoa hồng giới thiệu","Biến phí"
"07","2025","0","Tiktok","2. Chi phí bán hàng","Chi phí quảng cáo Meta/Google/Tiktok","Biến phí"
"07","2025","0","SEO","2. Chi phí bán hàng","Chi phí quảng cáo Meta/Google/Tiktok","Biến phí"
"07","2025","214.527.385","KPI","4. Chi phí nhân sự","Thưởng KPI","Biến phí"
"07","2025","9.251.301","Phí cà thẻ","6. Chi phí khác","Phí cà thẻ","Biến phí"
"07","2025","12.753.000","Tiếp khách","6. Chi phí khác","Tiếp khách phòng khám","Biến phí"
"07","2025","467.606.551","Lương","4. Chi phí nhân sự","Lương cố định bộ phận văn phòng","Định phí"
"07","2025","121.861.667","Chi phí Mặt bằng","3. Chi phí quản lý doanh nghiệp","Thuê mặt bằng","Định phí"
"07","2025","38.329.173","Bảo hiểm","4. Chi phí nhân sự","Bảo hiểm","Định phí"
"07","2025","18.000.000","Thuê bằng","3. Chi phí quản lý doanh nghiệp","Thuê bằng bác sĩ","Định phí"
"07","2025","10.333.333","Mua đồ hành chính","3. Chi phí quản lý doanh nghiệp","Văn phòng phẩm","Biến phí"
"07","2025","2.986.300","Mua đồ hành chính","3. Chi phí quản lý doanh nghiệp","Văn phòng phẩm","Biến phí"
"07","2025","77.639.202","Tiền vật liệu","1. Giá vốn hàng bán","Vật tư nha khoa (điều trị - nội nha - nha chu)","Biến phí"
"07","2025","473.200.000","Tiền Lab","1. Giá vốn hàng bán","Lab răng sứ","Biến phí"
"07","2025","0","Quỹ thưởng tổng cuối năm","4. Chi phí nhân sự","Thưởng nóng, liên hoan","Biến phí"
"07","2025","0","Tiền dự trù phát sinh","6. Chi phí khác","Quỹ dự phòng","Biến phí"
"07","2025","1.433.333","Mua sắm tài sản","6. Chi phí khác","Mua sắm tài sản","Biến phí"
"07","2025","10.043.000","Tiền thưởng nóng + liên hoan","4. Chi phí nhân sự","Thưởng nóng, liên hoan","Biến phí"
"07","2025","3.000.000","Hoa hồng giới thiệu","2. Chi phí bán hàng","Chi phí referral/Hoa hồng giới thiệu","Biến phí"
"07","2025","0","Đào tạo","4. Chi phí nhân sự","Đào tạo nhân sự","Biến phí"
"08","2025","0","Mua đồ hành chính","3. Chi phí quản lý doanh nghiệp","Văn phòng phẩm","Biến phí"
"08","2025","19.066.333","Mua đồ hành chính","3. Chi phí quản lý doanh nghiệp","Văn phòng phẩm","Biến phí"
"08","2025","23.964.000","Tiền thuê xe","3. Chi phí quản lý doanh nghiệp","Thuê xe, bãi xe","Định phí"
"08","2025","5.330.000","Mua đồ hành chính","3. Chi phí quản lý doanh nghiệp","Văn phòng phẩm","Biến phí"
"08","2025","21.316.171","Điện + Nước","3. Chi phí quản lý doanh nghiệp","Điện, nước, wifi","Biến phí"
"08","2025","20.194.913","Tiếp khách","6. Chi phí khác","Tiếp khách phòng khám","Biến phí"
"08","2025","2.679.000","Tặng phẩm khách","2. Chi phí bán hàng","Tặng phẩm khách","Biến phí"
"08","2025","161.000.000","Marketing chạy Quảng cáo","2. Chi phí bán hàng","Marketing chạy quảng cáo","Biến phí"
"08","2025","23.361.666","Sửa chữa","3. Chi phí quản lý doanh nghiệp","Bảo trì - sửa chữa - khử khuẩn","Biến phí"
"08","2025","12.303.262","Hành chính MKT","2. Chi phí bán hàng","Hành chính MKT","Biến phí"
"08","2025","15.032.720","Hoa hồng giới thiệu","2. Chi phí bán hàng","Chi phí referral/Hoa hồng giới thiệu","Biến phí"
"08","2025","125.517.411","KPI","4. Chi phí nhân sự","Thưởng KPI","Biến phí"
"08","2025","3.997.600","Phí cà thẻ","6. Chi phí khác","Phí cà thẻ","Biến phí"
"08","2025","7.849.500","Tiếp khách","6. Chi phí khác","Tiếp khách phòng khám","Biến phí"
"08","2025","444.535.106","Lương","4. Chi phí nhân sự","Lương cố định bộ phận văn phòng","Định phí"
"08","2025","125.986.077","Chi phí Mặt bằng","3. Chi phí quản lý doanh nghiệp","Thuê mặt bằng","Định phí"
"08","2025","37.582.333","Bảo hiểm","4. Chi phí nhân sự","Bảo hiểm","Định phí"
"08","2025","18.000.000","Thuê bằng","3. Chi phí quản lý doanh nghiệp","Thuê bằng bác sĩ","Định phí"
"08","2025","14.333.333","Mua đồ hành chính","3. Chi phí quản lý doanh nghiệp","Văn phòng phẩm","Biến phí"
"08","2025","7.604.667","Tiền vật liệu","1. Giá vốn hàng bán","Vật tư nha khoa (điều trị - nội nha - nha chu)","Biến phí"
"08","2025","63.970.000","Tiền vật liệu","1. Giá vốn hàng bán","Vật tư nha khoa (điều trị - nội nha - nha chu)","Biến phí"
"08","2025","6.225.000","Tiền vật liệu","1. Giá vốn hàng bán","Vật tư nha khoa (điều trị - nội nha - nha chu)","Biến phí"
"08","2025","200.100.000","Tiền Lab","1. Giá vốn hàng bán","Lab răng sứ","Biến phí"
"08","2025","4.380.334","Tiền thưởng nóng + liên hoan","4. Chi phí nhân sự","Thưởng nóng, liên hoan","Biến phí"
"08","2025","11.139.333","Đào tạo","4. Chi phí nhân sự","Đào tạo nhân sự","Biến phí"
"09","2025","0","Mua đồ hành chính","3. Chi phí quản lý doanh nghiệp","Văn phòng phẩm","Biến phí"
"09","2025","24.451.333","Mua đồ hành chính","3. Chi phí quản lý doanh nghiệp","Văn phòng phẩm","Biến phí"
"09","2025","22.414.000","Tiền thuê xe","3. Chi phí quản lý doanh nghiệp","Thuê xe, bãi xe","Định phí"
"09","2025","5.096.667","Mua đồ hành chính","3. Chi phí quản lý doanh nghiệp","Văn phòng phẩm","Biến phí"
"09","2025","24.284.731","Điện + Nước","3. Chi phí quản lý doanh nghiệp","Điện, nước, wifi","Biến phí"
"09","2025","21.759.000","Tiếp khách","6. Chi phí khác","Tiếp khách phòng khám","Biến phí"
"09","2025","10.080.134","Tặng phẩm khách","2. Chi phí bán hàng","Tặng phẩm khách","Biến phí"
"09","2025","200.000.000","Marketing chạy Quảng cáo","2. Chi phí bán hàng","Marketing chạy quảng cáo","Biến phí"
"09","2025","21.659.000","Sửa chữa","3. Chi phí quản lý doanh nghiệp","Bảo trì - sửa chữa - khử khuẩn","Biến phí"
"09","2025","0","Cộng tác viên","2. Chi phí bán hàng","Chi phí referral/Hoa hồng giới thiệu","Biến phí"
"09","2025","11.027.418","Quỹ thưởng gián tiếp","4. Chi phí nhân sự","Thưởng nóng, liên hoan","Biến phí"
"09","2025","0","Đi trường","2. Chi phí bán hàng","Đi trường","Biến phí"
"09","2025","16.932.001","Hành chính MKT","2. Chi phí bán hàng","Hành chính MKT","Biến phí"
"09","2025","23.886.750","Hoa hồng giới thiệu","2. Chi phí bán hàng","Chi phí referral/Hoa hồng giới thiệu","Biến phí"
"09","2025","0","Tiktok","2. Chi phí bán hàng","Chi phí quảng cáo Meta/Google/Tiktok","Biến phí"
"09","2025","0","SEO","2. Chi phí bán hàng","Chi phí quảng cáo Meta/Google/Tiktok","Biến phí"
"09","2025","178.205.978","KPI","4. Chi phí nhân sự","Thưởng KPI","Biến phí"
"09","2025","9.311.376","Phí cà thẻ","6. Chi phí khác","Phí cà thẻ","Biến phí"
"09","2025","14.400.167","Tiếp khách","6. Chi phí khác","Tiếp khách phòng khám","Biến phí"
"09","2025","455.467.709","Lương","4. Chi phí nhân sự","Lương cố định bộ phận văn phòng","Định phí"
"09","2025","119.286.000","Chi phí Mặt bằng","3. Chi phí quản lý doanh nghiệp","Thuê mặt bằng","Định phí"
"09","2025","38.116.667","Bảo hiểm","4. Chi phí nhân sự","Bảo hiểm","Định phí"
"09","2025","18.000.000","Thuê bằng","3. Chi phí quản lý doanh nghiệp","Thuê bằng bác sĩ","Định phí"
"09","2025","6.166.667","Mua đồ hành chính","3. Chi phí quản lý doanh nghiệp","Văn phòng phẩm","Biến phí"
"09","2025","39.739.000","Tiền vật liệu","1. Giá vốn hàng bán","Vật tư nha khoa (điều trị - nội nha - nha chu)","Biến phí"
"09","2025","53.708.000","Tiền vật liệu","1. Giá vốn hàng bán","Vật tư nha khoa (điều trị - nội nha - nha chu)","Biến phí"
"09","2025","345.190.000","Tiền Lab","1. Giá vốn hàng bán","Lab răng sứ","Biến phí"
"09","2025","100.000.000","Quỹ thưởng tổng cuối năm","4. Chi phí nhân sự","Thưởng nóng, liên hoan","Biến phí"
"09","2025","0","Tiền dự trù phát sinh","6. Chi phí khác","Quỹ dự phòng","Biến phí"
"09","2025","0","Mua sắm tài sản","6. Chi phí khác","Mua sắm tài sản","Biến phí"
"09","2025","13.698.334","Tiền thưởng nóng + liên hoan","4. Chi phí nhân sự","Thưởng nóng, liên hoan","Biến phí"
"09","2025","0","Hoa hồng giới thiệu","2. Chi phí bán hàng","Chi phí referral/Hoa hồng giới thiệu","Biến phí"
"09","2025","13.333.333","Đào tạo","4. Chi phí nhân sự","Đào tạo nhân sự","Biến phí"
"10","2025","41.492.170","Mua đồ hành chính","3. Chi phí quản lý doanh nghiệp","Văn phòng phẩm","Biến phí"
"10","2025","24.936.000","Tiền thuê xe+phí về xe","3. Chi phí quản lý doanh nghiệp","Văn phòng phẩm","Biến phí"
"10","2025","2.700.000","bãi xe cty+bãi xe nv","3. Chi phí quản lý doanh nghiệp","Thuê xe, bãi xe","Định phí"
"10","2025","20.151.564","điện+nước+wf","3. Chi phí quản lý doanh nghiệp","Văn phòng phẩm","Biến phí"
"10","2025","26.374.667","Cp tiếp khách","6. Chi phí khác","Tiếp khách phòng khám","Biến phí"
"10","2025","29.295.667","tặng phẩm khách","6. Chi phí khác","Tiếp khách phòng khám","Biến phí"
"10","2025","233.000.000","MKT chạy quảng cáo","2. Chi phí bán hàng","Tặng phẩm khách","Biến phí"
"10","2025","22.297.334","Cp sửa chữa, bảo trì","2. Chi phí bán hàng","Marketing chạy quảng cáo","Biến phí"
"10","2025","0","Cộng tác viên","2. Chi phí bán hàng","Chi phí referral/Hoa hồng giới thiệu","Biến phí"
"10","2025","12.952.860","Thưởng gián tiếp","2. Chi phí bán hàng","Agency hoặc freelancer","Biến phí"
"10","2025","","Đi trường","4. Chi phí nhân sự","Thưởng nóng, liên hoan","Biến phí"
"10","2025","11.741.634","Hành chính MKT","2. Chi phí bán hàng","Đi trường","Biến phí"
"10","2025","48.768.000","Hoa hòng gth","2. Chi phí bán hàng","Hành chính MKT","Biến phí"
"10","2025","","TikTok","2. Chi phí bán hàng","Chi phí referral/Hoa hồng giới thiệu","Biến phí"
"10","2025","","SEO","2. Chi phí bán hàng","Chi phí quảng cáo Meta/Google/Tiktok","Biến phí"
"10","2025","235.079.688","% của NV","2. Chi phí bán hàng","Chi phí quảng cáo Meta/Google/Tiktok","Biến phí"
"10","2025","4.442.025","Phí cà thẻ","4. Chi phí nhân sự","Thưởng KPI","Biến phí"
"10","2025","12.203.167","Tiếp khách pK(grab,sn khách chi phí khác)","6. Chi phí khác","","Biến phí"
"10","2025","460.868.323","Lương","6. Chi phí khác","Tiếp khách phòng khám","Biến phí"
"10","2025","123.805.667","Chi phí MB","4. Chi phí nhân sự","Lương cố định bộ phận văn phòng","Định phí"
"10","2025","36.623.333","Bảo hiểm","3. Chi phí quản lý doanh nghiệp","Thuê mặt bằng","Định phí"
"10","2025","18.000.000","Thuê bằng bs","4. Chi phí nhân sự","Bảo hiểm","Định phí"
"10","2025","8.304.000","chi phí cho quận, phường","3. Chi phí quản lý doanh nghiệp","Thuê bằng bác sĩ","Định phí"
"10","2025","61.624.373","thuế","3. Chi phí quản lý doanh nghiệp","Văn phòng phẩm","Biến phí"
"10","2025","17.888.333","tấm choàng che cổ, gương cầm tay phòng điều trị+túi chườm, mua áo chì, Bao tay y tế, khăn giấy choàng cổ phòng điều trị","3. Chi phí quản lý doanh nghiệp","Văn phòng phẩm","Biến phí"
"10","2025","11.307.000","bóng đèn cực tím, nước muối + gạc+chất gắn tạm+Mua đầu đèn chiếu San","1. Giá vốn hàng bán","Vật tư nha khoa (điều trị - nội nha - nha chu)","Biến phí"
"10","2025","71.000.000","đồ đtt, vật tư","1. Giá vốn hàng bán","Vật tư nha khoa (điều trị - nội nha - nha chu)","Biến phí"
"10","2025","4.440.000","tiền chất gắn San","1. Giá vốn hàng bán","Vật tư nha khoa (điều trị - nội nha - nha chu)","Biến phí"
"10","2025","39.325.000","vật tư t10","1. Giá vốn hàng bán","Vật tư nha khoa (điều trị - nội nha - nha chu)","Biến phí"
"10","2025","406.200.000","Lab","1. Giá vốn hàng bán","Lab răng sứ","Biến phí"
"10","2025","100.000.000","Quỹ thưởng","4. Chi phí nhân sự","Thưởng nóng, liên hoan","Biến phí"
"10","2025","0","Dự trù phát sinh","6. Chi phí khác","Quỹ dự phòng","Biến phí"
"10","2025","0","Mua sắm tài sản","6. Chi phí khác","Mua sắm tài sản","Biến phí"
"10","2025","16.113.001","Thưởng nóng+liên hoan","4. Chi phí nhân sự","Thưởng nóng, liên hoan","Biến phí"
"10","2025","0","Giới thiệu nhân sự","2. Chi phí bán hàng","Chi phí referral/Hoa hồng giới thiệu","Biến phí"
"10","2025","5.751.667","đào tạo nhân sự","4. Chi phí nhân sự","Đào tạo nhân sự","Biến phí"
"11","2025","0","Giới thiệu nhân sự","2. Chi phí bán hàng","Chi phí referral/Hoa hồng giới thiệu","Biến phí"
"12","2025","0","Giới thiệu nhân sự","2. Chi phí bán hàng","Chi phí referral/Hoa hồng giới thiệu","Biến phí"