"Month","Year","Amount","Description","Category","Classify","Expense type","","","","","","","","","","","","","","","","","",""
"01","2025","  16.648.334 ","Mua đồ hành chính","3. Chi phí quản lý doanh nghiệp","Hành chính","Biến phí","","","","","","","","","","","","","","","","","",""
"01","2025","  22.841.000 ","Tiền thuê xe+phí về xe","3. Chi phí quản lý doanh nghiệp","Thuê xe, bãi xe","Định phí","","","","","","","","","","","","","","","","","",""
"01","2025","  5.110.000 ","bãi xe cty+bãi xe nv","3. Chi phí quản lý doanh nghiệp","Hành chính","Biến phí","","","","","","","","","","","","","","","","","",""
"01","2025","  18.494.808 ","điện+nước+wf","3. Chi phí quản lý doanh nghiệp","Điện, nước, wifi","Biến phí","","","","","","","","","","","","","","","","","",""
"01","2025","  12.026.667 ","Cp tiếp khách","6. Chi phí khác","Tiếp khách phòng khám","Biến phí","","","","","","","","","","","","","","","","","",""
"01","2025","  44.291.333 ","tặng phẩm khách","2. Chi phí bán hàng","Tặng phẩm khách","Biến phí","","","","","","","","","","","","","","","","","",""
"01","2025","  130.000.000 ","MKT chạy quảng cáo","2. Chi phí bán hàng","Marketing chạy quảng cáo","Biến phí","","","","","","","","","","","","","","","","","",""
"01","2025","  4.850.000 ","Cp sửa chữa, bảo trì","3. Chi phí quản lý doanh nghiệp","Bảo trì - sửa chữa - khử khuẩn","Biến phí","","","","","","","","","","","","","","","","","",""
"01","2025","  -   ","Cộng tác viên","2. Chi phí bán hàng","Agency hoặc freelancer","Biến phí","","","","","","","","","","","","","","","","","",""
"01","2025","  10.533.123 ","Thưởng gián tiếp","2. Chi phí bán hàng","Thưởng gián tiếp","Biến phí","","","","","","","","","","","","","","","","","",""
"01","2025","  -   ","Đi trường","2. Chi phí bán hàng","Đi trường","Biến phí","","","","","","","","","","","","","","","","","",""
"01","2025","  16.866.667 ","Hành chính MKT","2. Chi phí bán hàng","Hành chính MKT","Biến phí","","","","","","","","","","","","","","","","","",""
"01","2025","  3.806.000 ","Hoa hòng gth","2. Chi phí bán hàng","Chi phí referral/Hoa hồng giới thiệu","Biến phí","","","","","","","","","","","","","","","","","",""
"01","2025","  22.500.000 ","TikTok","2. Chi phí bán hàng","Chi phí quảng cáo Meta/Google/Tiktok","Biến phí","","","","","","","","","","","","","","","","","",""
"01","2025","  -   ","SEO","2. Chi phí bán hàng","Chi phí quảng cáo Meta/Google/Tiktok","Biến phí","","","","","","","","","","","","","","","","","",""
"01","2025","  224.938.188 ","% của NV","4. Chi phí nhân sự","Thưởng KPI","Biến phí","","","","","","","","","","","","","","","","","",""
"01","2025","  2.659.493 ","Phí cà thẻ","6. Chi phí khác","Phí cà thẻ","Biến phí","","","","","","","","","","","","","","","","","",""
"01","2025","  11.313.500 ","Tiếp khách pK(grab, chi phí khác)","6. Chi phí khác","Tiếp khách phòng khám","Biến phí","","","","","","","","","","","","","","","","","",""
"01","2025","  438.573.024 ","Lương","4. Chi phí nhân sự","Lương cố định bộ phận văn phòng","Định phí","","","","","","","","","","","","","","","","","",""
"01","2025","  128.678.500 ","Chi phí MB","3. Chi phí quản lý doanh nghiệp","Thuê mặt bằng","Định phí","","","","","","","","","","","","","","","","","",""
"01","2025","  27.979.000 ","Bảo hiểm","4. Chi phí nhân sự","Bảo hiểm","Định phí","","","","","","","","","","","","","","","","","",""
"01","2025","  18.000.000 ","Thuê bằng bs+bằng y tá","3. Chi phí quản lý doanh nghiệp","Thuê bằng bác sĩ","Định phí","","","","","","","","","","","","","","","","","",""
"01","2025","  15.883.333 ","chi phí cho quận, phường","3. Chi phí quản lý doanh nghiệp","Hành chính","Biến phí","","","","","","","","","","","","","","","","","",""
"01","2025","  2.000.000 ","thuế","3. Chi phí quản lý doanh nghiệp","Hành chính","Biến phí","","","","","","","","","","","","","","","","","",""
"01","2025","  8.100.000 ","Tiền hàm tạm TGIP","1. Giá vốn hàng bán","Vật liệu implant","Biến phí","","","","","","","","","","","","","","","","","",""
"01","2025","  983.333 ","composite","1. Giá vốn hàng bán","Vật liệu implant","Biến phí","","","","","","","","","","","","","","","","","",""
"01","2025","  440.000 ","Giấy phòng điều trị","1. Giá vốn hàng bán","Vật liệu implant","Biến phí","","","","","","","","","","","","","","","","","",""
"01","2025","  1.273.000 ","Thuốc + nước muối","1. Giá vốn hàng bán","Vật liệu implant","Biến phí","","","","","","","","","","","","","","","","","",""
"01","2025","  895.000 ","tiền thuốc tê xanh","1. Giá vốn hàng bán","Vật liệu implant","Biến phí","","","","","","","","","","","","","","","","","",""
"01","2025","  1.400.000 ","tiền cao su đặc","1. Giá vốn hàng bán","Vật liệu implant","Biến phí","","","","","","","","","","","","","","","","","",""
"01","2025","  357.000 ","Cồn rửa máng in TGIP","1. Giá vốn hàng bán","Vật liệu implant","Biến phí","","","","","","","","","","","","","","","","","",""
"01","2025","  7.200.000 ","Màng xương","1. Giá vốn hàng bán","Vật liệu implant","Biến phí","","","","","","","","","","","","","","","","","",""
"01","2025","  120.000 ","2 đầu bàn chải","1. Giá vốn hàng bán","Vật liệu implant","Biến phí","","","","","","","","","","","","","","","","","",""
"01","2025","  31.800.000 ","công nợ xương màn osteobiol đợt 6","1. Giá vốn hàng bán","Vật liệu implant","Biến phí","","","","","","","","","","","","","","","","","",""
"01","2025","  14.470.000 ","hd SIC (còn 4 đợt)","1. Giá vốn hàng bán","Vật liệu implant","Biến phí","","","","","","","","","","","","","","","","","",""
"01","2025","  31.400.000 ","hd xương màn (còn 2 đợt)","1. Giá vốn hàng bán","Vật liệu implant","Biến phí","","","","","","","","","","","","","","","","","",""
"01","2025","  757.000 ","dụng cụ cắt tỉa răng nhựa + hộp chống sốc)","1. Giá vốn hàng bán","Vật liệu implant","Biến phí","","","","","","","","","","","","","","","","","",""
"01","2025","  4.382.000 ","tiền xnm","1. Giá vốn hàng bán","Vật liệu implant","Biến phí","","","","","","","","","","","","","","","","","",""
"01","2025","  7.197.000 ","công nợ Thanh Ngọc","1. Giá vốn hàng bán","Lab răng sứ","Biến phí","","","","","","","","","","","","","","","","","",""
"01","2025","  112.000.000 ","Hd 1000 trụ Dentium done","1. Giá vốn hàng bán","Vật liệu implant","Biến phí","","","","","","","","","","","","","","","","","",""
"01","2025","  165.000 ","mua kềm cho phụ tá(TGIP)","1. Giá vốn hàng bán","Vật liệu implant","Biến phí","","","","","","","","","","","","","","","","","",""
"01","2025","  205.900.000 ","lab Thịnh","1. Giá vốn hàng bán","Lab răng sứ","Biến phí","","","","","","","","","","","","","","","","","",""
"01","2025","  10.470.000 ","lab AZ","1. Giá vốn hàng bán","Lab răng sứ","Biến phí","","","","","","","","","","","","","","","","","",""
"01","2025","  50.000.000 ","Quỹ thưởng","6. Chi phí khác","Thưởng tổng cuối năm","Định phí","","","","","","","","","","","","","","","","","",""
"01","2025","  -   ","Dự trù phát sinh","6. Chi phí khác","Quỹ dự phòng","Biến phí","","","","","","","","","","","","","","","","","",""
"01","2025","  1.700.000 ","Mua sắm tài sản","6. Chi phí khác","Mua sắm tài sản","Biến phí","","","","","","","","","","","","","","","","","",""
"01","2025","  3.109.333 ","Thưởng nóng+liên hoan","4. Chi phí nhân sự","Thưởng nóng, liên hoan","Biến phí","","","","","","","","","","","","","","","","","",""
"01","2025","  -   ","Giới thiệu nhân sự","2. Chi phí bán hàng","Chi phí referral/Hoa hồng giới thiệu","Biến phí","","","","","","","","","","","","","","","","","",""
"01","2025","  2.413.333 ","đào tạo nhân sự","4. Chi phí nhân sự","Đào tạo nhân sự","Biến phí","","","","","","","","","","","","","","","","","",""
"02","2025","  33.367.335 ","Mua đồ hành chính","3. Chi phí quản lý doanh nghiệp","Hành chính","Biến phí","","","","","","","","","","","","","","","","","",""
"02","2025","  15.474.568 ","Tiền thuê xe+phí về xe","3. Chi phí quản lý doanh nghiệp","Thuê xe, bãi xe","Định phí","","","","","","","","","","","","","","","","","",""
"02","2025","  4.916.667 ","bãi xe cty+bãi xe nv","3. Chi phí quản lý doanh nghiệp","Hành chính","Biến phí","","","","","","","","","","","","","","","","","",""
"02","2025","  14.738.973 ","điện+nước+wf","3. Chi phí quản lý doanh nghiệp","Điện, nước, wifi","Biến phí","","","","","","","","","","","","","","","","","",""
"02","2025","  19.016.666 ","Cp tiếp khách","6. Chi phí khác","Tiếp khách phòng khám","Biến phí","","","","","","","","","","","","","","","","","",""
"02","2025","  23.338.667 ","tặng phẩm khách","2. Chi phí bán hàng","Tặng phẩm khách","Biến phí","","","","","","","","","","","","","","","","","",""
"02","2025","  110.000.000 ","MKT chạy quảng cáo","2. Chi phí bán hàng","Marketing chạy quảng cáo","Biến phí","","","","","","","","","","","","","","","","","",""
"02","2025","  7.643.333 ","Cp sửa chữa, bảo trì","3. Chi phí quản lý doanh nghiệp","Bảo trì - sửa chữa - khử khuẩn","Biến phí","","","","","","","","","","","","","","","","","",""
"02","2025","","Cộng tác viên","2. Chi phí bán hàng","Agency hoặc freelancer","Biến phí","","","","","","","","","","","","","","","","","",""
"02","2025","  7.788.727 ","Thưởng gián tiếp","2. Chi phí bán hàng","Thưởng gián tiếp","Biến phí","","","","","","","","","","","","","","","","","",""
"02","2025","","Đi trường","2. Chi phí bán hàng","Đi trường","Biến phí","","","","","","","","","","","","","","","","","",""
"02","2025","  9.572.833 ","Hành chính MKT","2. Chi phí bán hàng","Hành chính MKT","Biến phí","","","","","","","","","","","","","","","","","",""
"02","2025","  13.464.650 ","Hoa hòng gth","2. Chi phí bán hàng","Chi phí referral/Hoa hồng giới thiệu","Biến phí","","","","","","","","","","","","","","","","","",""
"02","2025","  22.000.000 ","TikTok","2. Chi phí bán hàng","Chi phí quảng cáo Meta/Google/Tiktok","Biến phí","","","","","","","","","","","","","","","","","",""
"02","2025","","SEO","2. Chi phí bán hàng","Chi phí quảng cáo Meta/Google/Tiktok","Biến phí","","","","","","","","","","","","","","","","","",""
"02","2025","  162.389.222 ","% của NV","4. Chi phí nhân sự","Thưởng KPI","Biến phí","","","","","","","","","","","","","","","","","",""
"02","2025","  4.294.240 ","Phí cà thẻ","6. Chi phí khác","Phí cà thẻ","Biến phí","","","","","","","","","","","","","","","","","",""
"02","2025","  7.511.600 ","Tiếp khách pK(grab, chi phí khác)","6. Chi phí khác","Tiếp khách phòng khám","Biến phí","","","","","","","","","","","","","","","","","",""
"02","2025","  399.486.151 ","Lương","4. Chi phí nhân sự","Lương cố định bộ phận văn phòng","Định phí","","","","","","","","","","","","","","","","","",""
"02","2025","  127.714.660 ","Chi phí MB","3. Chi phí quản lý doanh nghiệp","Thuê mặt bằng","Định phí","","","","","","","","","","","","","","","","","",""
"02","2025","  30.006.613 ","Bảo hiểm","4. Chi phí nhân sự","Bảo hiểm","Định phí","","","","","","","","","","","","","","","","","",""
"02","2025","  18.000.000 ","Thuê bằng bs+bằng y tá","3. Chi phí quản lý doanh nghiệp","Thuê bằng bác sĩ","Định phí","","","","","","","","","","","","","","","","","",""
"02","2025","  10.666.667 ","chi phí cho quận, phường","3. Chi phí quản lý doanh nghiệp","Hành chính","Biến phí","","","","","","","","","","","","","","","","","",""
"02","2025","  6.400.000 ","mua kin","1. Giá vốn hàng bán","Vật liệu implant","Biến phí","","","","","","","","","","","","","","","","","",""
"02","2025","  2.907.000 ","tiền xnm","1. Giá vốn hàng bán","Vật liệu implant","Biến phí","","","","","","","","","","","","","","","","","",""
"02","2025","  5.116.000 ","Khẩu trang + thuốc giảm đau + mua thuốc chống sốc","1. Giá vốn hàng bán","Vật liệu implant","Biến phí","","","","","","","","","","","","","","","","","",""
"02","2025","  20.445.000 ","xương zimmer","1. Giá vốn hàng bán","Vật liệu implant","Biến phí","","","","","","","","","","","","","","","","","",""
"02","2025","  29.874.000 ","công nợ Thanh Ngọc T1/25","1. Giá vốn hàng bán","Vật liệu implant","Biến phí","","","","","","","","","","","","","","","","","",""
"02","2025","  14.470.000 ","công nợ SIC VĐ","1. Giá vốn hàng bán","Vật liệu implant","Biến phí","","","","","","","","","","","","","","","","","",""
"02","2025","  31.400.000 ","công nợ hd xương màn VĐ","1. Giá vốn hàng bán","Vật liệu implant","Biến phí","","","","","","","","","","","","","","","","","",""
"02","2025","  3.500.000 ","mua đầu scan máy itero","1. Giá vốn hàng bán","Vật liệu implant","Biến phí","","","","","","","","","","","","","","","","","",""
"02","2025","  1.337.000 ","mũi đốt nướu","1. Giá vốn hàng bán","Vật liệu implant","Biến phí","","","","","","","","","","","","","","","","","",""
"02","2025","  160.250.000 ","labo","1. Giá vốn hàng bán","Lab răng sứ","Biến phí","","","","","","","","","","","","","","","","","",""
"02","2025","  1.260.000 ","labo","1. Giá vốn hàng bán","Lab răng sứ","Biến phí","","","","","","","","","","","","","","","","","",""
"02","2025","","Quỹ thưởng","6. Chi phí khác","Thưởng tổng cuối năm","Định phí","","","","","","","","","","","","","","","","","",""
"02","2025","","Dự trù phát sinh","6. Chi phí khác","Quỹ dự phòng","Biến phí","","","","","","","","","","","","","","","","","",""
"02","2025","  83.932.000 ","Mua sắm tài sản","6. Chi phí khác","Mua sắm tài sản","Biến phí","","","","","","","","","","","","","","","","","",""
"02","2025","  15.896.668 ","Thưởng nóng+liên hoan","4. Chi phí nhân sự","Thưởng nóng, liên hoan","Biến phí","","","","","","","","","","","","","","","","","",""
"02","2025","","Giới thiệu nhân sự","2. Chi phí bán hàng","Chi phí referral/Hoa hồng giới thiệu","Biến phí","","","","","","","","","","","","","","","","","",""
"02","2025","  2.416.667 ","đào tạo nhân sự","4. Chi phí nhân sự","Đào tạo nhân sự","Biến phí","","","","","","","","","","","","","","","","","",""
"03","2025","  60.005.019 ","Mua đồ hành chính","3. Chi phí quản lý doanh nghiệp","Hành chính","Biến phí","","","","","","","","","","","","","","","","","",""
"03","2025","  22.646.177 ","Tiền thuê xe+phí về xe","3. Chi phí quản lý doanh nghiệp","Thuê xe, bãi xe","Định phí","","","","","","","","","","","","","","","","","",""
"03","2025","  4.588.000 ","bãi xe cty+bãi xe nv","3. Chi phí quản lý doanh nghiệp","Hành chính","Biến phí","","","","","","","","","","","","","","","","","",""
"03","2025","  15.760.186 ","điện+nước+wf","3. Chi phí quản lý doanh nghiệp","Điện, nước, wifi","Biến phí","","","","","","","","","","","","","","","","","",""
"03","2025","  20.715.335 ","Cp tiếp khách","6. Chi phí khác","Tiếp khách phòng khám","Biến phí","","","","","","","","","","","","","","","","","",""
"03","2025","  20.888.667 ","tặng phẩm khách","2. Chi phí bán hàng","Tặng phẩm khách","Biến phí","","","","","","","","","","","","","","","","","",""
"03","2025","  157.000.000 ","MKT chạy quảng cáo","2. Chi phí bán hàng","Marketing chạy quảng cáo","Biến phí","","","","","","","","","","","","","","","","","",""
"03","2025","  25.218.334 ","Cp sửa chữa, bảo trì","3. Chi phí quản lý doanh nghiệp","Bảo trì - sửa chữa - khử khuẩn","Biến phí","","","","","","","","","","","","","","","","","",""
"03","2025","  -   ","Cộng tác viên","2. Chi phí bán hàng","Agency hoặc freelancer","Biến phí","","","","","","","","","","","","","","","","","",""
"03","2025","  12.821.541 ","Thưởng gián tiếp","2. Chi phí bán hàng","Thưởng gián tiếp","Biến phí","","","","","","","","","","","","","","","","","",""
"03","2025","  -   ","Đi trường","2. Chi phí bán hàng","Đi trường","Biến phí","","","","","","","","","","","","","","","","","",""
"03","2025","  99.847.334 ","Hành chính MKT","2. Chi phí bán hàng","Hành chính MKT","Biến phí","","","","","","","","","","","","","","","","","",""
"03","2025","  15.607.870 ","Hoa hòng gth","2. Chi phí bán hàng","Chi phí referral/Hoa hồng giới thiệu","Biến phí","","","","","","","","","","","","","","","","","",""
"03","2025","  22.000.000 ","TikTok","2. Chi phí bán hàng","Chi phí quảng cáo Meta/Google/Tiktok","Biến phí","","","","","","","","","","","","","","","","","",""
"03","2025","  -   ","SEO","2. Chi phí bán hàng","Chi phí quảng cáo Meta/Google/Tiktok","Biến phí","","","","","","","","","","","","","","","","","",""
"03","2025","  382.678.318 ","% của NV","4. Chi phí nhân sự","Thưởng KPI","Biến phí","","","","","","","","","","","","","","","","","",""
"03","2025","  6.582.681 ","Phí cà thẻ","6. Chi phí khác","Phí cà thẻ","Biến phí","","","","","","","","","","","","","","","","","",""
"03","2025","  9.629.500 ","Tiếp khách pK(grab, chi phí khác)","6. Chi phí khác","Tiếp khách phòng khám","Biến phí","","","","","","","","","","","","","","","","","",""
"03","2025","  443.648.055 ","Lương","4. Chi phí nhân sự","Lương cố định bộ phận văn phòng","Định phí","","","","","","","","","","","","","","","","","",""
"03","2025","  128.489.333 ","Chi phí MB","3. Chi phí quản lý doanh nghiệp","Thuê mặt bằng","Định phí","","","","","","","","","","","","","","","","","",""
"03","2025","  28.938.240 ","Bảo hiểm","4. Chi phí nhân sự","Bảo hiểm","Định phí","","","","","","","","","","","","","","","","","",""
"03","2025","  18.000.000 ","Thuê bằng bs+bằng y tá","3. Chi phí quản lý doanh nghiệp","Thuê bằng bác sĩ","Định phí","","","","","","","","","","","","","","","","","",""
"03","2025","  12.000.000 ","chi phí cho quận, phường","3. Chi phí quản lý doanh nghiệp","Hành chính","Biến phí","","","","","","","","","","","","","","","","","",""
"03","2025","  42.559.000 ","vật tư(đầu CVR, thuốc tê, giấy in phim, đồ dùng pk, chỉ tiêu, nhựa in máng...)","1. Giá vốn hàng bán","Vật liệu implant","Biến phí","","","","","","","","","","","","","","","","","",""
"03","2025","  16.000.000 ","thanh toán tiền cylinder","1. Giá vốn hàng bán","Vật liệu implant","Biến phí","","","","","","","","","","","","","","","","","",""
"03","2025","  3.806.000 ","thanh toán tiền phụ kiện Biotem","1. Giá vốn hàng bán","Vật liệu implant","Biến phí","","","","","","","","","","","","","","","","","",""
"03","2025","  8.275.000 ","xnm","1. Giá vốn hàng bán","Vật liệu implant","Biến phí","","","","","","","","","","","","","","","","","",""
"03","2025","  22.079.400 ","Công nợ implant swiss","1. Giá vốn hàng bán","Vật liệu implant","Biến phí","","","","","","","","","","","","","","","","","",""
"03","2025","  31.800.000 ","hd xương osteobiol kì cuối","1. Giá vốn hàng bán","Vật liệu implant","Biến phí","","","","","","","","","","","","","","","","","",""
"03","2025","  6.400.000 ","Kin","1. Giá vốn hàng bán","Vật liệu implant","Biến phí","","","","","","","","","","","","","","","","","",""
"03","2025","  253.000 ","mua kính bảo hộ cho KH","1. Giá vốn hàng bán","Vật liệu implant","Biến phí","","","","","","","","","","","","","","","","","",""
"03","2025","  31.400.000 ","Hd xương màn Viêt Đăng","1. Giá vốn hàng bán","Vật liệu implant","Biến phí","","","","","","","","","","","","","","","","","",""
"03","2025","  14.470.000 ","Hd sic","1. Giá vốn hàng bán","Vật liệu implant","Biến phí","","","","","","","","","","","","","","","","","",""
"03","2025","  198.100.000 ","lab","1. Giá vốn hàng bán","Vật liệu implant","Biến phí","","","","","","","","","","","","","","","","","",""
"03","2025","  38.400.000 ","lab","1. Giá vốn hàng bán","Lab răng sứ","Biến phí","","","","","","","","","","","","","","","","","",""
"03","2025","  100.000.000 ","Quỹ thưởng","6. Chi phí khác","Thưởng tổng cuối năm","Định phí","","","","","","","","","","","","","","","","","",""
"03","2025","  -   ","Dự trù phát sinh","6. Chi phí khác","Quỹ dự phòng","Biến phí","","","","","","","","","","","","","","","","","",""
"03","2025","  77.868.667 ","Mua sắm tài sản","6. Chi phí khác","Mua sắm tài sản","Biến phí","","","","","","","","","","","","","","","","","",""
"03","2025","  17.762.667 ","Thưởng nóng+liên hoan","4. Chi phí nhân sự","Thưởng nóng, liên hoan","Biến phí","","","","","","","","","","","","","","","","","",""
"03","2025","  -   ","Giới thiệu nhân sự","2. Chi phí bán hàng","Chi phí referral/Hoa hồng giới thiệu","Biến phí","","","","","","","","","","","","","","","","","",""
"03","2025","  1.166.667 ","đào tạo nhân sự","4. Chi phí nhân sự","Đào tạo nhân sự","Biến phí","","","","","","","","","","","","","","","","","",""
"04","2025","  20.205.669 ","Mua đồ hành chính","3. Chi phí quản lý doanh nghiệp","Hành chính","Biến phí","","","","","","","","","","","","","","","","","",""
"04","2025","  22.312.000 ","Tiền thuê xe+phí về xe","3. Chi phí quản lý doanh nghiệp","Thuê xe, bãi xe","Định phí","","","","","","","","","","","","","","","","","",""
"04","2025","  4.860.667 ","bãi xe cty+bãi xe nv","3. Chi phí quản lý doanh nghiệp","Hành chính","Biến phí","","","","","","","","","","","","","","","","","",""
"04","2025","  22.915.694 ","điện+nước+wf","3. Chi phí quản lý doanh nghiệp","Điện, nước, wifi","Biến phí","","","","","","","","","","","","","","","","","",""
"04","2025","  10.865.680 ","Cp tiếp khách","6. Chi phí khác","Tiếp khách phòng khám","Biến phí","","","","","","","","","","","","","","","","","",""
"04","2025","  200.000.000 ","MKT chạy quảng cáo","2. Chi phí bán hàng","Marketing chạy quảng cáo","Biến phí","","","","","","","","","","","","","","","","","",""
"04","2025","  23.833.200 ","Cp sửa chữa, bảo trì","3. Chi phí quản lý doanh nghiệp","Bảo trì - sửa chữa - khử khuẩn","Biến phí","","","","","","","","","","","","","","","","","",""
"04","2025","  -   ","Cộng tác viên","2. Chi phí bán hàng","Agency hoặc freelancer","Biến phí","","","","","","","","","","","","","","","","","",""
"04","2025","  10.291.074 ","Thưởng gián tiếp","2. Chi phí bán hàng","Thưởng gián tiếp","Biến phí","","","","","","","","","","","","","","","","","",""
"04","2025","  -   ","Đi trường","2. Chi phí bán hàng","Đi trường","Biến phí","","","","","","","","","","","","","","","","","",""
"04","2025","  35.325.734 ","Hành chính MKT","2. Chi phí bán hàng","Hành chính MKT","Biến phí","","","","","","","","","","","","","","","","","",""
"04","2025","  28.938.475 ","Hoa hòng gth","2. Chi phí bán hàng","Chi phí referral/Hoa hồng giới thiệu","Biến phí","","","","","","","","","","","","","","","","","",""
"04","2025","  22.000.000 ","TikTok","2. Chi phí bán hàng","Chi phí quảng cáo Meta/Google/Tiktok","Biến phí","","","","","","","","","","","","","","","","","",""
"04","2025","  -   ","SEO","2. Chi phí bán hàng","Chi phí quảng cáo Meta/Google/Tiktok","Biến phí","","","","","","","","","","","","","","","","","",""
"04","2025","  259.739.627 ","% của NV","4. Chi phí nhân sự","Thưởng KPI","Biến phí","","","","","","","","","","","","","","","","","",""
"04","2025","  5.399.822 ","Phí cà thẻ","6. Chi phí khác","Phí cà thẻ","Biến phí","","","","","","","","","","","","","","","","","",""
"04","2025","  11.091.000 ","Tiếp khách pK(grab, chi phí khác)","6. Chi phí khác","Tiếp khách phòng khám","Biến phí","","","","","","","","","","","","","","","","","",""
"04","2025","  453.028.642 ","Lương","4. Chi phí nhân sự","Lương cố định bộ phận văn phòng","Định phí","","","","","","","","","","","","","","","","","",""
"04","2025","  129.913.020 ","Chi phí MB","3. Chi phí quản lý doanh nghiệp","Thuê mặt bằng","Định phí","","","","","","","","","","","","","","","","","",""
"04","2025","  29.013.360 ","Bảo hiểm","4. Chi phí nhân sự","Bảo hiểm","Định phí","","","","","","","","","","","","","","","","","",""
"04","2025","  18.000.000 ","Thuê bằng bs+bằng y tá","3. Chi phí quản lý doanh nghiệp","Thuê bằng bác sĩ","Định phí","","","","","","","","","","","","","","","","","",""
"04","2025","  14.166.667 ","chi phí cho quận, phường","3. Chi phí quản lý doanh nghiệp","Hành chính","Biến phí","","","","","","","","","","","","","","","","","",""
"04","2025","  1.686.667 ","nước ngâm dụng cụ","1. Giá vốn hàng bán","Vật liệu implant","Biến phí","","","","","","","","","","","","","","","","","",""
"04","2025","  2.406.667 ","thuốc giảm đau","1. Giá vốn hàng bán","Vật liệu implant","Biến phí","","","","","","","","","","","","","","","","","",""
"04","2025","  129.000 ","mua giấy bạc nano tgip","1. Giá vốn hàng bán","Vật liệu implant","Biến phí","","","","","","","","","","","","","","","","","",""
"04","2025","  257.000 ","hộc tủ nhựa  tgip","1. Giá vốn hàng bán","Vật liệu implant","Biến phí","","","","","","","","","","","","","","","","","",""
"04","2025","  9.500.000 ","Tiền tấm in và màn hình máy in TGIP","1. Giá vốn hàng bán","Vật liệu implant","Biến phí","","","","","","","","","","","","","","","","","",""
"04","2025","  7.750.000 ","composite lỏng","1. Giá vốn hàng bán","Vật liệu implant","Biến phí","","","","","","","","","","","","","","","","","",""
"04","2025","  3.300.000 ","tiền cây cào xương TGIP","1. Giá vốn hàng bán","Vật liệu implant","Biến phí","","","","","","","","","","","","","","","","","",""
"04","2025","  32.385.000 ","Thanh Ngọc T2","1. Giá vốn hàng bán","Vật liệu implant","Biến phí","","","","","","","","","","","","","","","","","",""
"04","2025","  18.968.000 ","tiền vật liệu, banh vạt, cây bóc tách, cán dao mổ, cây đo túi nướu, cây nạo xương, kềm nhổ chân răng, kềm nạy, tay khoan chậm","1. Giá vốn hàng bán","Vật liệu implant","Biến phí","","","","","","","","","","","","","","","","","",""
"04","2025","  5.155.000 ","xương zimmer","1. Giá vốn hàng bán","Vật liệu implant","Biến phí","","","","","","","","","","","","","","","","","",""
"04","2025","  79.100.000 ","hd 20tr strauman đợt 3/3 done","1. Giá vốn hàng bán","Vật liệu implant","Biến phí","","","","","","","","","","","","","","","","","",""
"04","2025","  6.107.000 ","tiền xnm","1. Giá vốn hàng bán","Vật liệu implant","Biến phí","","","","","","","","","","","","","","","","","",""
"04","2025","  3.200.000 ","Kin","1. Giá vốn hàng bán","Vật liệu implant","Biến phí","","","","","","","","","","","","","","","","","",""
"04","2025","  5.990.000 ","implant Osstem 2set","1. Giá vốn hàng bán","Vật liệu implant","Biến phí","","","","","","","","","","","","","","","","","",""
"04","2025","  20.702.000 ","vât lieu TGIP","1. Giá vốn hàng bán","Vật liệu implant","Biến phí","","","","","","","","","","","","","","","","","",""
"04","2025","  2.500.000 ","Nhận mũi nhổ răng(TGIL)","1. Giá vốn hàng bán","Vật liệu implant","Biến phí","","","","","","","","","","","","","","","","","",""
"04","2025","  1.257.000 ","hàng đtt của TGIP","1. Giá vốn hàng bán","Vật liệu implant","Biến phí","","","","","","","","","","","","","","","","","",""
"04","2025","  14.470.000 ","công nợ SIC","1. Giá vốn hàng bán","Vật liệu implant","Biến phí","","","","","","","","","","","","","","","","","",""
"04","2025","  42.909.000 ","Thanh Ngọc T3/25 tgip","1. Giá vốn hàng bán","Vật liệu implant","Biến phí","","","","","","","","","","","","","","","","","",""
"04","2025","  9.000.000 ","Tiền hàm tạm BN Khả Ái(TGIP)","1. Giá vốn hàng bán","Lab răng sứ","Biến phí","","","","","","","","","","","","","","","","","",""
"04","2025","  13.980.000 ","Tháo lắp t3,4","1. Giá vốn hàng bán","Lab răng sứ","Biến phí","","","","","","","","","","","","","","","","","",""
"04","2025","  32.050.000 ","lab Vũ","1. Giá vốn hàng bán","Lab răng sứ","Biến phí","","","","","","","","","","","","","","","","","",""
"04","2025","  33.900.000 ","lab Thịnh","1. Giá vốn hàng bán","Lab răng sứ","Biến phí","","","","","","","","","","","","","","","","","",""
"04","2025","  100.000.000 ","Quỹ thưởng","6. Chi phí khác","Thưởng tổng cuối năm","Định phí","","","","","","","","","","","","","","","","","",""
"04","2025","  -   ","Dự trù phát sinh","6. Chi phí khác","Quỹ dự phòng","Biến phí","","","","","","","","","","","","","","","","","",""
"04","2025","  46.083.001 ","Mua sắm tài sản","6. Chi phí khác","Mua sắm tài sản","Biến phí","","","","","","","","","","","","","","","","","",""
"04","2025","  3.191.667 ","Thưởng nóng+liên hoan","4. Chi phí nhân sự","Thưởng nóng, liên hoan","Biến phí","","","","","","","","","","","","","","","","","",""
"04","2025","  -   ","Giới thiệu nhân sự","2. Chi phí bán hàng","Chi phí referral/Hoa hồng giới thiệu","Biến phí","","","","","","","","","","","","","","","","","",""
"04","2025","  1.000.000 ","đào tạo nhân sự","4. Chi phí nhân sự","Đào tạo nhân sự","Biến phí","","","","","","","","","","","","","","","","","",""
"05","2025","  30.482.003 ","Mua đồ hành chính","3. Chi phí quản lý doanh nghiệp","Hành chính","Biến phí","","","","","","","","","","","","","","","","","",""
"05","2025","  22.349.000 ","Tiền thuê xe+phí về xe","3. Chi phí quản lý doanh nghiệp","Thuê xe, bãi xe","Định phí","","","","","","","","","","","","","","","","","",""
"05","2025","  5.420.334 ","bãi xe cty+bãi xe nv","3. Chi phí quản lý doanh nghiệp","Hành chính","Biến phí","","","","","","","","","","","","","","","","","",""
"05","2025","  26.520.745 ","điện+nước+wf","3. Chi phí quản lý doanh nghiệp","Điện, nước, wifi","Biến phí","","","","","","","","","","","","","","","","","",""
"05","2025","  21.598.935 ","Cp tiếp khách","6. Chi phí khác","Tiếp khách phòng khám","Biến phí","","","","","","","","","","","","","","","","","",""
"05","2025","  19.000.000 ","tặng phẩm khách","2. Chi phí bán hàng","Tặng phẩm khách","Biến phí","","","","","","","","","","","","","","","","","",""
"05","2025","  105.000.000 ","MKT chạy quảng cáo","2. Chi phí bán hàng","Marketing chạy quảng cáo","Biến phí","","","","","","","","","","","","","","","","","",""
"05","2025","  6.175.000 ","Cp sửa chữa, bảo trì","3. Chi phí quản lý doanh nghiệp","Bảo trì - sửa chữa - khử khuẩn","Biến phí","","","","","","","","","","","","","","","","","",""
"05","2025","  -   ","Cộng tác viên","2. Chi phí bán hàng","Agency hoặc freelancer","Biến phí","","","","","","","","","","","","","","","","","",""
"05","2025","  11.399.934 ","Thưởng gián tiếp","2. Chi phí bán hàng","Thưởng gián tiếp","Biến phí","","","","","","","","","","","","","","","","","",""
"05","2025","  -   ","Đi trường","2. Chi phí bán hàng","Đi trường","Biến phí","","","","","","","","","","","","","","","","","",""
"05","2025","  32.910.000 ","Hành chính MKT","2. Chi phí bán hàng","Hành chính MKT","Biến phí","","","","","","","","","","","","","","","","","",""
"05","2025","  9.391.375 ","Hoa hòng gth","2. Chi phí bán hàng","Chi phí referral/Hoa hồng giới thiệu","Biến phí","","","","","","","","","","","","","","","","","",""
"05","2025","  22.000.000 ","TikTok","2. Chi phí bán hàng","Chi phí quảng cáo Meta/Google/Tiktok","Biến phí","","","","","","","","","","","","","","","","","",""
"05","2025","  -   ","SEO","2. Chi phí bán hàng","Chi phí quảng cáo Meta/Google/Tiktok","Biến phí","","","","","","","","","","","","","","","","","",""
"05","2025","  304.048.260 ","% của NV","4. Chi phí nhân sự","Thưởng KPI","Biến phí","","","","","","","","","","","","","","","","","",""
"05","2025","  12.266.965 ","Phí cà thẻ","6. Chi phí khác","Phí cà thẻ","Biến phí","","","","","","","","","","","","","","","","","",""
"05","2025","  11.436.500 ","Tiếp khách pK(grab, chi phí khác)","6. Chi phí khác","Tiếp khách phòng khám","Biến phí","","","","","","","","","","","","","","","","","",""
"05","2025","  512.340.376 ","Lương","4. Chi phí nhân sự","Lương cố định bộ phận văn phòng","Định phí","","","","","","","","","","","","","","","","","",""
"05","2025","  142.111.333 ","Chi phí MB","3. Chi phí quản lý doanh nghiệp","Thuê mặt bằng","Định phí","","","","","","","","","","","","","","","","","",""
"05","2025","  31.069.867 ","Bảo hiểm","4. Chi phí nhân sự","Bảo hiểm","Định phí","","","","","","","","","","","","","","","","","",""
"05","2025","  18.000.000 ","Thuê bằng bs+bằng y tá","3. Chi phí quản lý doanh nghiệp","Thuê bằng bác sĩ","Định phí","","","","","","","","","","","","","","","","","",""
"05","2025","  13.666.667 ","chi phí cho quận, phường","3. Chi phí quản lý doanh nghiệp","Hành chính","Biến phí","","","","","","","","","","","","","","","","","",""
"05","2025","  -   ","thuế","3. Chi phí quản lý doanh nghiệp","Hành chính","Biến phí","","","","","","","","","","","","","","","","","",""
"05","2025","  3.350.000 ","mua metrogyl + Effegan","1. Giá vốn hàng bán","Vật liệu implant","Biến phí","","","","","","","","","","","","","","","","","",""
"05","2025","  5.900.000 ","cây trẻ xương TGIP","1. Giá vốn hàng bán","Vật liệu implant","Biến phí","","","","","","","","","","","","","","","","","",""
"05","2025","  10.835.000 ","Xương zimmer","1. Giá vốn hàng bán","Vật liệu implant","Biến phí","","","","","","","","","","","","","","","","","",""
"05","2025","  6.278.000 ","tiền xnm","1. Giá vốn hàng bán","Vật liệu implant","Biến phí","","","","","","","","","","","","","","","","","",""
"05","2025","  33.138.000 ","vật tư+kin+thuốc","1. Giá vốn hàng bán","Vật liệu implant","Biến phí","","","","","","","","","","","","","","","","","",""
"05","2025","  1.573.000 ","mua aldinate + Thạch cao lấy dấu-TGIP","1. Giá vốn hàng bán","Vật liệu implant","Biến phí","","","","","","","","","","","","","","","","","",""
"05","2025","  2.910.000 ","khẩu trang","1. Giá vốn hàng bán","Vật liệu implant","Biến phí","","","","","","","","","","","","","","","","","",""
"05","2025","  400.000 ","chụp phim ngoài cho KH","1. Giá vốn hàng bán","Vật liệu implant","Biến phí","","","","","","","","","","","","","","","","","",""
"05","2025","  7.845.000 ","Mực in máng phẫu thuâth","1. Giá vốn hàng bán","Vật liệu implant","Biến phí","","","","","","","","","","","","","","","","","",""
"05","2025","  5.556.000 ","in ly giấy","1. Giá vốn hàng bán","Vật liệu implant","Biến phí","","","","","","","","","","","","","","","","","",""
"05","2025","  50.331.250 ","tiền chênh lệch trụ strauman+mua phụ kiên","1. Giá vốn hàng bán","Vật liệu implant","Biến phí","","","","","","","","","","","","","","","","","",""
"05","2025","  69.272.500 ","hd đợt 1/3. 20 trụ strauman","1. Giá vốn hàng bán","Vật liệu implant","Biến phí","","","","","","","","","","","","","","","","","",""
"05","2025","  20.000.000 ","hd 50tr Osstem (còn nợ 30/3)","1. Giá vốn hàng bán","Vật liệu implant","Biến phí","","","","","","","","","","","","","","","","","",""
"05","2025","  2.790.000 ","kềm kẹp phẫu + kéo cắt chỉ phẫu TGIP","1. Giá vốn hàng bán","Vật liệu implant","Biến phí","","","","","","","","","","","","","","","","","",""
"05","2025","  12.984.000 ","vật tư Thanh Ngọc","1. Giá vốn hàng bán","Vật liệu implant","Biến phí","","","","","","","","","","","","","","","","","",""
"05","2025","  7.200.000 ","Tiền màng","1. Giá vốn hàng bán","Vật liệu implant","Biến phí","","","","","","","","","","","","","","","","","",""
"05","2025","  6.815.000 ","xương zimmer","1. Giá vốn hàng bán","Vật liệu implant","Biến phí","","","","","","","","","","","","","","","","","",""
"05","2025","  1.572.000 ","phôi Anthogyr","1. Giá vốn hàng bán","Vật liệu implant","Biến phí","","","","","","","","","","","","","","","","","",""
"05","2025","  25.335.104 ","mua cây cào xương","1. Giá vốn hàng bán","Vật liệu implant","Biến phí","","","","","","","","","","","","","","","","","",""
"05","2025","  62.808.000 ","4impl zygoma ca Ngọc Cẩm","1. Giá vốn hàng bán","Vật liệu implant","Biến phí","","","","","","","","","","","","","","","","","",""
"05","2025","  121.350.000 ","LAbo","1. Giá vốn hàng bán","Lab răng sứ","Biến phí","","","","","","","","","","","","","","","","","",""
"05","2025","  5.830.000 ","Labo","1. Giá vốn hàng bán","Lab răng sứ","Biến phí","","","","","","","","","","","","","","","","","",""
"05","2025","  100.000.000 ","Quỹ thưởng","6. Chi phí khác","Thưởng tổng cuối năm","Định phí","","","","","","","","","","","","","","","","","",""
"05","2025","  -   ","Dự trù phát sinh","6. Chi phí khác","Quỹ dự phòng","Biến phí","","","","","","","","","","","","","","","","","",""
"05","2025","  1.233.333 ","Mua sắm tài sản","6. Chi phí khác","Mua sắm tài sản","Biến phí","","","","","","","","","","","","","","","","","",""
"05","2025","  7.848.333 ","Thưởng nóng+liên hoan","4. Chi phí nhân sự","Thưởng nóng, liên hoan","Biến phí","","","","","","","","","","","","","","","","","",""
"05","2025","  -   ","Giới thiệu nhân sự","2. Chi phí bán hàng","Chi phí referral/Hoa hồng giới thiệu","Biến phí","","","","","","","","","","","","","","","","","",""
"05","2025","  9.828.000 ","đào tạo nhân sự","4. Chi phí nhân sự","Đào tạo nhân sự","Biến phí","","","","","","","","","","","","","","","","","",""
"06","2025","  496.226.943 ","Lương","4. Chi phí nhân sự","Lương cố định bộ phận văn phòng","Định phí","","","","","","","","","","","","","","","","","",""
"06","2025","  117.945.000 ","Chi phí MB","3. Chi phí quản lý doanh nghiệp","Thuê mặt bằng","Định phí","","","","","","","","","","","","","","","","","",""
"06","2025","  38.223.360 ","Bảo hiểm","4. Chi phí nhân sự","Bảo hiểm","Định phí","","","","","","","","","","","","","","","","","",""
"06","2025","  18.000.000 ","Thuê bằng bs+bằng y tá","3. Chi phí quản lý doanh nghiệp","Thuê bằng bác sĩ","Định phí","","","","","","","","","","","","","","","","","",""
"06","2025","  15.333.333 ","chi phí cho quận, phường","3. Chi phí quản lý doanh nghiệp","Hành chính","Biến phí","","","","","","","","","","","","","","","","","",""
"06","2025","  28.940.000 ","công nợ SIC","1. Giá vốn hàng bán","Vật liệu implant","Biến phí","","","","","","","","","","","","","","","","","",""
"06","2025","  10.030.000 ","nhận mũi NR8 +dung dịch ngâm dụng cụ","1. Giá vốn hàng bán","Vật liệu implant","Biến phí","","","","","","","","","","","","","","","","","",""
"06","2025","  36.459.000 ","Nước rửa tay PT + nước sát khuẩn tay PT + dây UC + kim luồn + thuốc giảm đau+vật tư","1. Giá vốn hàng bán","Vật liệu implant","Biến phí","","","","","","","","","","","","","","","","","",""
"06","2025","  24.620.000 ","Nhận Cone OBT+Mũi mài xương+bóng tia cực tím+MTA BOT - TGIP","1. Giá vốn hàng bán","Vật liệu implant","Biến phí","","","","","","","","","","","","","","","","","",""
"06","2025","  11.365.000 ","xnm,chụp flim KH","1. Giá vốn hàng bán","Vật liệu implant","Biến phí","","","","","","","","","","","","","","","","","",""
"06","2025","  8.093.667 ","thuốc giảm đau+thuốc tê","1. Giá vốn hàng bán","Vật liệu implant","Biến phí","","","","","","","","","","","","","","","","","",""
"06","2025","  10.000.000 ","hd ostem","1. Giá vốn hàng bán","Vật liệu implant","Biến phí","","","","","","","","","","","","","","","","","",""
"06","2025","  6.400.000 ","kin","1. Giá vốn hàng bán","Vật liệu implant","Biến phí","","","","","","","","","","","","","","","","","",""
"06","2025","  18.713.000 ","Xương zimmer","1. Giá vốn hàng bán","Vật liệu implant","Biến phí","","","","","","","","","","","","","","","","","",""
"06","2025","  2.400.000 ","phụ kiện biotem","1. Giá vốn hàng bán","Vật liệu implant","Biến phí","","","","","","","","","","","","","","","","","",""
"06","2025","  234.690.000 ","lab Vũ","1. Giá vốn hàng bán","Lab răng sứ","Biến phí","","","","","","","","","","","","","","","","","",""
"06","2025","  22.300.000 ","lab Thịnh","1. Giá vốn hàng bán","Lab răng sứ","Biến phí","","","","","","","","","","","","","","","","","",""
"06","2025","  100.000.000 ","Quỹ thưởng","6. Chi phí khác","Thưởng tổng cuối năm","Định phí","","","","","","","","","","","","","","","","","",""
"06","2025","  -   ","Dự trù phát sinh","6. Chi phí khác","Quỹ dự phòng","Biến phí","","","","","","","","","","","","","","","","","",""
"06","2025","  116.683.334 ","Mua sắm tài sản","6. Chi phí khác","Mua sắm tài sản","Biến phí","","","","","","","","","","","","","","","","","",""
"06","2025","  4.600.000 ","Thưởng nóng+liên hoan","4. Chi phí nhân sự","Thưởng nóng, liên hoan","Biến phí","","","","","","","","","","","","","","","","","",""
"06","2025","  -   ","Giới thiệu nhân sự","2. Chi phí bán hàng","Chi phí referral/Hoa hồng giới thiệu","Biến phí","","","","","","","","","","","","","","","","","",""
"06","2025","  10.166.666 ","đào tạo nhân sự","4. Chi phí nhân sự","Đào tạo nhân sự","Biến phí","","","","","","","","","","","","","","","","","",""
"06","2025","  150.000.000 ","MKT chạy quảng cáo","2. Chi phí bán hàng","Marketing chạy quảng cáo","Biến phí","","","","","","","","","","","","","","","","","",""
"06","2025","  19.851.669 ","Cp sửa chữa, bảo trì","3. Chi phí quản lý doanh nghiệp","Bảo trì - sửa chữa - khử khuẩn","Biến phí","","","","","","","","","","","","","","","","","",""
"06","2025","  -   ","Cộng tác viên","2. Chi phí bán hàng","Agency hoặc freelancer","Biến phí","","","","","","","","","","","","","","","","","",""
"06","2025","  12.502.918 ","Thưởng gián tiếp","2. Chi phí bán hàng","Thưởng gián tiếp","Biến phí","","","","","","","","","","","","","","","","","",""
"06","2025","  -   ","Đi trường","2. Chi phí bán hàng","Đi trường","Biến phí","","","","","","","","","","","","","","","","","",""
"06","2025","  16.223.334 ","Hành chính MKT","2. Chi phí bán hàng","Hành chính MKT","Biến phí","","","","","","","","","","","","","","","","","",""
"06","2025","  10.209.500 ","Hoa hòng gth","2. Chi phí bán hàng","Chi phí referral/Hoa hồng giới thiệu","Biến phí","","","","","","","","","","","","","","","","","",""
"06","2025","  22.000.000 ","TikTok","2. Chi phí bán hàng","Chi phí quảng cáo Meta/Google/Tiktok","Biến phí","","","","","","","","","","","","","","","","","",""
"06","2025","  -   ","SEO","2. Chi phí bán hàng","Chi phí quảng cáo Meta/Google/Tiktok","Biến phí","","","","","","","","","","","","","","","","","",""
"06","2025","  314.221.874 ","% của NV","4. Chi phí nhân sự","Thưởng KPI","Biến phí","","","","","","","","","","","","","","","","","",""
"06","2025","  10.765.658 ","Phí cà thẻ","6. Chi phí khác","Phí cà thẻ","Biến phí","","","","","","","","","","","","","","","","","",""
"06","2025","  15.281.466 ","Tiếp khách pK(grab, chi phí khác)","6. Chi phí khác","Tiếp khách phòng khám","Biến phí","","","","","","","","","","","","","","","","","",""
"06","2025","  17.002.668 ","Mua đồ hành chính","3. Chi phí quản lý doanh nghiệp","Hành chính","Biến phí","","","","","","","","","","","","","","","","","",""
"06","2025","  22.622.500 ","Tiền thuê xe+phí về xe","3. Chi phí quản lý doanh nghiệp","Thuê xe, bãi xe","Định phí","","","","","","","","","","","","","","","","","",""
"06","2025","  4.863.333 ","bãi xe cty+bãi xe nv","3. Chi phí quản lý doanh nghiệp","Hành chính","Biến phí","","","","","","","","","","","","","","","","","",""
"06","2025","  22.709.164 ","điện+nước+wf","3. Chi phí quản lý doanh nghiệp","Điện, nước, wifi","Biến phí","","","","","","","","","","","","","","","","","",""
"06","2025","  23.846.632 ","Cp tiếp khách","6. Chi phí khác","Tiếp khách phòng khám","Biến phí","","","","","","","","","","","","","","","","","",""
"06","2025","  15.125.000 ","tặng phẩm khách","2. Chi phí bán hàng","Tặng phẩm khách","Biến phí","","","","","","","","","","","","","","","","","",""
"07","2025","  22.848.672 ","Mua đồ hành chính","3. Chi phí quản lý doanh nghiệp","Hành chính","Biến phí","","","","","","","","","","","","","","","","","",""
"07","2025","  22.274.500 ","Tiền thuê xe+phí về xe","3. Chi phí quản lý doanh nghiệp","Thuê xe, bãi xe","Định phí","","","","","","","","","","","","","","","","","",""
"07","2025","  5.286.667 ","bãi xe cty+bãi xe nv","3. Chi phí quản lý doanh nghiệp","Hành chính","Biến phí","","","","","","","","","","","","","","","","","",""
"07","2025","  23.540.712 ","điện+nước+wf","3. Chi phí quản lý doanh nghiệp","Điện, nước, wifi","Biến phí","","","","","","","","","","","","","","","","","",""
"07","2025","  18.466.000 ","Cp tiếp khách","6. Chi phí khác","Tiếp khách phòng khám","Biến phí","","","","","","","","","","","","","","","","","",""
"07","2025","  4.658.000 ","tặng phẩm khách","2. Chi phí bán hàng","Tặng phẩm khách","Biến phí","","","","","","","","","","","","","","","","","",""
"07","2025","  155.000.000 ","MKT chạy quảng cáo","2. Chi phí bán hàng","Marketing chạy quảng cáo","Biến phí","","","","","","","","","","","","","","","","","",""
"07","2025","  10.936.001 ","Cp sửa chữa, bảo trì","3. Chi phí quản lý doanh nghiệp","Bảo trì - sửa chữa - khử khuẩn","Biến phí","","","","","","","","","","","","","","","","","",""
"07","2025","","Cộng tác viên","2. Chi phí bán hàng","Agency hoặc freelancer","Biến phí","","","","","","","","","","","","","","","","","",""
"07","2025","  11.782.443 ","Thưởng gián tiếp","2. Chi phí bán hàng","Thưởng gián tiếp","Biến phí","","","","","","","","","","","","","","","","","",""
"07","2025","","Đi trường","2. Chi phí bán hàng","Đi trường","Biến phí","","","","","","","","","","","","","","","","","",""
"07","2025","  11.602.667 ","Hành chính MKT","2. Chi phí bán hàng","Hành chính MKT","Biến phí","","","","","","","","","","","","","","","","","",""
"07","2025","  12.490.000 ","Hoa hòng gth","2. Chi phí bán hàng","Chi phí referral/Hoa hồng giới thiệu","Biến phí","","","","","","","","","","","","","","","","","",""
"07","2025","  25.596.000 ","TikTok","2. Chi phí bán hàng","Chi phí quảng cáo Meta/Google/Tiktok","Biến phí","","","","","","","","","","","","","","","","","",""
"07","2025","","SEO","2. Chi phí bán hàng","Chi phí quảng cáo Meta/Google/Tiktok","Biến phí","","","","","","","","","","","","","","","","","",""
"07","2025","  236.858.825 ","% của NV","4. Chi phí nhân sự","Thưởng KPI","Biến phí","","","","","","","","","","","","","","","","","",""
"07","2025","  2.807.314 ","Phí cà thẻ","6. Chi phí khác","Phí cà thẻ","Biến phí","","","","","","","","","","","","","","","","","",""
"07","2025","  13.341.000 ","Tiếp khách pK(grab, chi phí khác)","6. Chi phí khác","Tiếp khách phòng khám","Biến phí","","","","","","","","","","","","","","","","","",""
"07","2025","  504.591.563 ","Lương","4. Chi phí nhân sự","Lương cố định bộ phận văn phòng","Định phí","","","","","","","","","","","","","","","","","",""
"07","2025","  121.861.667 ","Chi phí MB","3. Chi phí quản lý doanh nghiệp","Thuê mặt bằng","Định phí","","","","","","","","","","","","","","","","","",""
"07","2025","  38.329.173 ","Bảo hiểm","4. Chi phí nhân sự","Bảo hiểm","Định phí","","","","","","","","","","","","","","","","","",""
"07","2025","  18.000.000 ","Thuê bằng bs+bằng y tá","3. Chi phí quản lý doanh nghiệp","Thuê bằng bác sĩ","Định phí","","","","","","","","","","","","","","","","","",""
"07","2025","  10.333.333 ","chi phí cho quận, phường","3. Chi phí quản lý doanh nghiệp","Hành chính","Biến phí","","","","","","","","","","","","","","","","","",""
"07","2025","  57.834.000 ","Vật liệu TGIP, thuốc giảm đau, đồ nội nha,chất gắn veneer, chốt sợi, mũi khoan, dây đo nội nha, cây đánh bóng, cao su lấy dấu","1. Giá vốn hàng bán","Vật liệu implant","Biến phí","","","","","","","","","","","","","","","","","",""
"07","2025","  5.504.750 ","mua  phôi trụ Mis, Medipac tgip","1. Giá vốn hàng bán","Vật liệu implant","Biến phí","","","","","","","","","","","","","","","","","",""
"07","2025","  22.054.150 ","Mũi khoan tgip, copping, đồ lấy dấu IP, chỉ khâu TGIP,bộ trám","1. Giá vốn hàng bán","Vật liệu implant","Biến phí","","","","","","","","","","","","","","","","","",""
"07","2025","  10.000.000 ","HD trụ ostem","1. Giá vốn hàng bán","Vật liệu implant","Biến phí","","","","","","","","","","","","","","","","","",""
"07","2025","  51.368.000 ","vật liệu, vật tư","1. Giá vốn hàng bán","Vật liệu implant","Biến phí","","","","","","","","","","","","","","","","","",""
"07","2025","  125.700.000 ","lab Vũ","1. Giá vốn hàng bán","Lab răng sứ","Biến phí","","","","","","","","","","","","","","","","","",""
"07","2025","  11.100.000 ","lab Thịnh","1. Giá vốn hàng bán","Lab răng sứ","Biến phí","","","","","","","","","","","","","","","","","",""
"07","2025","  100.000.000 ","Quỹ thưởng","6. Chi phí khác","Thưởng tổng cuối năm","Định phí","","","","","","","","","","","","","","","","","",""
"07","2025","","Dự trù phát sinh","6. Chi phí khác","Quỹ dự phòng","Biến phí","","","","","","","","","","","","","","","","","",""
"07","2025","  1.433.333 ","Mua sắm tài sản","6. Chi phí khác","Mua sắm tài sản","Biến phí","","","","","","","","","","","","","","","","","",""
"07","2025","  10.043.000 ","Thưởng nóng+liên hoan","4. Chi phí nhân sự","Thưởng nóng, liên hoan","Biến phí","","","","","","","","","","","","","","","","","",""
"07","2025","  3.000.000 ","Giới thiệu nhân sự","2. Chi phí bán hàng","Chi phí referral/Hoa hồng giới thiệu","Biến phí","","","","","","","","","","","","","","","","","",""
"08","2025","  20.436.333 ","Mua đồ hành chính","3. Chi phí quản lý doanh nghiệp","Hành chính","Biến phí","","","","","","","","","","","","","","","","","",""
"08","2025","  23.964.000 ","Tiền thuê xe+phí về xe","3. Chi phí quản lý doanh nghiệp","Thuê xe, bãi xe","Định phí","","","","","","","","","","","","","","","","","",""
"08","2025","  5.330.000 ","bãi xe cty+bãi xe nv","3. Chi phí quản lý doanh nghiệp","Hành chính","Biến phí","","","","","","","","","","","","","","","","","",""
"08","2025","  21.316.171 ","điện+nước+wf","3. Chi phí quản lý doanh nghiệp","Điện, nước, wifi","Biến phí","","","","","","","","","","","","","","","","","",""
"08","2025","  20.194.913 ","Cp tiếp khách","6. Chi phí khác","Tiếp khách phòng khám","Biến phí","","","","","","","","","","","","","","","","","",""
"08","2025","  2.679.000 ","tặng phẩm khách","2. Chi phí bán hàng","Tặng phẩm khách","Biến phí","","","","","","","","","","","","","","","","","",""
"08","2025","  250.000.000 ","MKT chạy quảng cáo","2. Chi phí bán hàng","Marketing chạy quảng cáo","Biến phí","","","","","","","","","","","","","","","","","",""
"08","2025","  19.161.666 ","Cp sửa chữa, bảo trì","3. Chi phí quản lý doanh nghiệp","Bảo trì - sửa chữa - khử khuẩn","Biến phí","","","","","","","","","","","","","","","","","",""
"08","2025","  12.813.262 ","Hành chính MKT","2. Chi phí bán hàng","Hành chính MKT","Biến phí","","","","","","","","","","","","","","","","","",""
"08","2025","  7.119.750 ","Hoa hòng gth","2. Chi phí bán hàng","Chi phí referral/Hoa hồng giới thiệu","Biến phí","","","","","","","","","","","","","","","","","",""
"08","2025","  25.596.000 ","TikTok","2. Chi phí bán hàng","Chi phí quảng cáo Meta/Google/Tiktok","Biến phí","","","","","","","","","","","","","","","","","",""
"08","2025","  -   ","SEO","2. Chi phí bán hàng","Chi phí quảng cáo Meta/Google/Tiktok","Biến phí","","","","","","","","","","","","","","","","","",""
"08","2025","  249.333.825 ","% của NV","4. Chi phí nhân sự","Thưởng KPI","Biến phí","","","","","","","","","","","","","","","","","",""
"08","2025","  8.816.694 ","Phí cà thẻ","6. Chi phí khác","Phí cà thẻ","Biến phí","","","","","","","","","","","","","","","","","",""
"08","2025","  11.418.500 ","Tiếp khách pK(grab, chi phí khác)","6. Chi phí khác","Tiếp khách phòng khám","Biến phí","","","","","","","","","","","","","","","","","",""
"08","2025","  483.552.714 ","Lương","4. Chi phí nhân sự","Lương cố định bộ phận văn phòng","Định phí","","","","","","","","","","","","","","","","","",""
"08","2025","  125.986.077 ","Chi phí MB","3. Chi phí quản lý doanh nghiệp","Thuê mặt bằng","Định phí","","","","","","","","","","","","","","","","","",""
"08","2025","  37.582.333 ","Bảo hiểm","4. Chi phí nhân sự","Bảo hiểm","Định phí","","","","","","","","","","","","","","","","","",""
"08","2025","  18.000.000 ","Thuê bằng bs+bằng y tá","3. Chi phí quản lý doanh nghiệp","Thuê bằng bác sĩ","Định phí","","","","","","","","","","","","","","","","","",""
"08","2025","  14.333.333 ","chi phí cho quận, phường","3. Chi phí quản lý doanh nghiệp","Hành chính","Biến phí","","","","","","","","","","","","","","","","","",""
"08","2025","  2.349.000 ","xnm","1. Giá vốn hàng bán","Vật liệu implant","Biến phí","","","","","","","","","","","","","","","","","",""
"08","2025","  400.000 ","Chụp phim CT Xương gò má KH TGIP","1. Giá vốn hàng bán","Vật liệu implant","Biến phí","","","","","","","","","","","","","","","","","",""
"08","2025","  39.860.000 ","Vật liệu tgip","1. Giá vốn hàng bán","Vật liệu implant","Biến phí","","","","","","","","","","","","","","","","","",""
"08","2025","  60.000.000 ","công nợ zygoma+ipl chân bướm (còn nợ lại64,450)","1. Giá vốn hàng bán","Vật liệu implant","Biến phí","","","","","","","","","","","","","","","","","",""
"08","2025","  12.058.000 ","15 tack hàn, mua 2 coping, Bộ tak, 5 màng","1. Giá vốn hàng bán","Vật liệu implant","Biến phí","","","","","","","","","","","","","","","","","",""
"08","2025","  21.669.000 ","xương zimmer","1. Giá vốn hàng bán","Vật liệu implant","Biến phí","","","","","","","","","","","","","","","","","",""
"08","2025","  18.010.667 ","thuốc tê, Thuốc TTR, tt tiền giấy in phim CT, efferalgan, Giấy chuyên dụng vên sinh phòng điều trị","1. Giá vốn hàng bán","Vật liệu implant","Biến phí","","","","","","","","","","","","","","","","","",""
"08","2025","  2.361.000 ","Mua thuốc tê xanh+mua nước muối + dịch chuyền(TGIP)","1. Giá vốn hàng bán","Vật liệu implant","Biến phí","","","","","","","","","","","","","","","","","",""
"08","2025","  2.414.000 ","khăn choàng phụ tá, đầu siêu âm IP, gương chụp hình trong miệng TGIP","1. Giá vốn hàng bán","Vật liệu implant","Biến phí","","","","","","","","","","","","","","","","","",""
"08","2025","  8.652.600 ","mực in 3D","1. Giá vốn hàng bán","Vật liệu implant","Biến phí","","","","","","","","","","","","","","","","","",""
"08","2025","  11.500.000 ","2 trụ+2 healing Neodent","1. Giá vốn hàng bán","Vật liệu implant","Biến phí","","","","","","","","","","","","","","","","","",""
"08","2025","  10.000.000 ","hd Ostem kì cuối","1. Giá vốn hàng bán","Vật liệu implant","Biến phí","","","","","","","","","","","","","","","","","",""
"08","2025","  3.120.000 ","lab tháo lắp","1. Giá vốn hàng bán","Lab răng sứ","Biến phí","","","","","","","","","","","","","","","","","",""
"08","2025","  74.100.000 ","Lab Vũ","1. Giá vốn hàng bán","Lab răng sứ","Biến phí","","","","","","","","","","","","","","","","","",""
"08","2025","  15.600.000 ","Lab Thịnh","1. Giá vốn hàng bán","Lab răng sứ","Biến phí","","","","","","","","","","","","","","","","","",""
"08","2025","  -   ","Quỹ thưởng","6. Chi phí khác","Thưởng tổng cuối năm","Định phí","","","","","","","","","","","","","","","","","",""
"08","2025","  -   ","Dự trù phát sinh","6. Chi phí khác","Quỹ dự phòng","Biến phí","","","","","","","","","","","","","","","","","",""
"08","2025","  41.000.000 ","Mua sắm tài sản","6. Chi phí khác","Mua sắm tài sản","Biến phí","","","","","","","","","","","","","","","","","",""
"08","2025","  4.380.334 ","Thưởng nóng+liên hoan","4. Chi phí nhân sự","Thưởng nóng, liên hoan","Biến phí","","","","","","","","","","","","","","","","","",""
"08","2025","  -   ","Giới thiệu nhân sự","2. Chi phí bán hàng","Chi phí referral/Hoa hồng giới thiệu","Biến phí","","","","","","","","","","","","","","","","","",""
"08","2025","  11.139.333 ","đào tạo nhân sự","4. Chi phí nhân sự","Đào tạo nhân sự","Biến phí","","","","","","","","","","","","","","","","","",""
"09","2025","  26.576.333 ","Mua đồ hành chính","3. Chi phí quản lý doanh nghiệp","Hành chính","Biến phí","","","","","","","","","","","","","","","","","",""
"09","2025","  22.414.000 ","Tiền thuê xe+phí về xe","3. Chi phí quản lý doanh nghiệp","Thuê xe, bãi xe","Định phí","","","","","","","","","","","","","","","","","",""
"09","2025","  5.096.667 ","bãi xe cty+bãi xe nv","3. Chi phí quản lý doanh nghiệp","Hành chính","Biến phí","","","","","","","","","","","","","","","","","",""
"09","2025","  24.284.731 ","điện+nước+wf","3. Chi phí quản lý doanh nghiệp","Điện, nước, wifi","Biến phí","","","","","","","","","","","","","","","","","",""
"09","2025","  22.559.000 ","Cp tiếp khách","6. Chi phí khác","Tiếp khách phòng khám","Biến phí","","","","","","","","","","","","","","","","","",""
"09","2025","  67.421.467 ","tặng phẩm khách","2. Chi phí bán hàng","Tặng phẩm khách","Biến phí","","","","","","","","","","","","","","","","","",""
"09","2025","  288.000.000 ","MKT chạy quảng cáo","2. Chi phí bán hàng","Marketing chạy quảng cáo","Biến phí","","","","","","","","","","","","","","","","","",""
"09","2025","  20.955.000 ","Cp sửa chữa, bảo trì","3. Chi phí quản lý doanh nghiệp","Bảo trì - sửa chữa - khử khuẩn","Biến phí","","","","","","","","","","","","","","","","","",""
"09","2025","  -   ","Cộng tác viên","2. Chi phí bán hàng","Agency hoặc freelancer","Biến phí","","","","","","","","","","","","","","","","","",""
"09","2025","  11.027.418 ","Thưởng gián tiếp","2. Chi phí bán hàng","Thưởng gián tiếp","Biến phí","","","","","","","","","","","","","","","","","",""
"09","2025","  -   ","Đi trường","2. Chi phí bán hàng","Đi trường","Biến phí","","","","","","","","","","","","","","","","","",""
"09","2025","  16.812.001 ","Hành chính MKT","2. Chi phí bán hàng","Hành chính MKT","Biến phí","","","","","","","","","","","","","","","","","",""
"09","2025","  19.128.000 ","Hoa hòng gth","2. Chi phí bán hàng","Chi phí referral/Hoa hồng giới thiệu","Biến phí","","","","","","","","","","","","","","","","","",""
"09","2025","  25.596.000 ","TikTok","2. Chi phí bán hàng","Chi phí quảng cáo Meta/Google/Tiktok","Biến phí","","","","","","","","","","","","","","","","","",""
"09","2025","  -   ","SEO","2. Chi phí bán hàng","Chi phí quảng cáo Meta/Google/Tiktok","Biến phí","","","","","","","","","","","","","","","","","",""
"09","2025","  337.138.311 ","% của NV","4. Chi phí nhân sự","Thưởng KPI","Biến phí","","","","","","","","","","","","","","","","","",""
"09","2025","  6.449.732 ","Phí cà thẻ","6. Chi phí khác","Phí cà thẻ","Biến phí","","","","","","","","","","","","","","","","","",""
"09","2025","  14.235.167 ","Tiếp khách pK(grab, chi phí khác)","6. Chi phí khác","Tiếp khách phòng khám","Biến phí","","","","","","","","","","","","","","","","","",""
"09","2025","  485.898.834 ","Lương","4. Chi phí nhân sự","Lương cố định bộ phận văn phòng","Định phí","","","","","","","","","","","","","","","","","",""
"09","2025","  119.286.000 ","Chi phí MB","3. Chi phí quản lý doanh nghiệp","Thuê mặt bằng","Định phí","","","","","","","","","","","","","","","","","",""
"09","2025","  38.116.667 ","Bảo hiểm","4. Chi phí nhân sự","Bảo hiểm","Định phí","","","","","","","","","","","","","","","","","",""
"09","2025","  18.000.000 ","Thuê bằng bs+bằng y tá","3. Chi phí quản lý doanh nghiệp","Thuê bằng bác sĩ","Định phí","","","","","","","","","","","","","","","","","",""
"09","2025","  17.166.667 ","chi phí cho quận, phường","3. Chi phí quản lý doanh nghiệp","Hành chính","Biến phí","","","","","","","","","","","","","","","","","",""
"09","2025","  1.344.000 ","pin đèn flash, khăn choàng PT","1. Giá vốn hàng bán","Vật liệu implant","Biến phí","","","","","","","","","","","","","","","","","",""
"09","2025","  51.090.000 ","thuốc tê+tiền thuốc+đồ trám","1. Giá vốn hàng bán","Vật liệu implant","Biến phí","","","","","","","","","","","","","","","","","",""
"09","2025","  5.500.000 ","Mua cây cvr","1. Giá vốn hàng bán","Vật liệu implant","Biến phí","","","","","","","","","","","","","","","","","",""
"09","2025","  138.540.000 ","hd tru strauman","1. Giá vốn hàng bán","Vật liệu implant","Biến phí","","","","","","","","","","","","","","","","","",""
"09","2025","  3.500.000 ","tt tiền đầu máy scan","1. Giá vốn hàng bán","Vật liệu implant","Biến phí","","","","","","","","","","","","","","","","","",""
"09","2025","  1.250.000 ","tiền tấm phim in của TGIP","1. Giá vốn hàng bán","Vật liệu implant","Biến phí","","","","","","","","","","","","","","","","","",""
"09","2025","  3.283.200 ","xnm","1. Giá vốn hàng bán","Vật liệu implant","Biến phí","","","","","","","","","","","","","","","","","",""
"09","2025","  53.382.000 ","vật tư","1. Giá vốn hàng bán","Vật liệu implant","Biến phí","","","","","","","","","","","","","","","","","",""
"09","2025","  20.100.000 ","Kí hd osstem còn lại 30tr/3th","1. Giá vốn hàng bán","Vật liệu implant","Biến phí","","","","","","","","","","","","","","","","","",""
"09","2025","  64.450.000 ","imp zygoma và chân bướm\","1. Giá vốn hàng bán","Vật liệu implant","Biến phí","","","","","","","","","","","","","","","","","",""
"09","2025","  26.300.000 ","hd xương màn 1/4","1. Giá vốn hàng bán","Vật liệu implant","Biến phí","","","","","","","","","","","","","","","","","",""
"09","2025","  4.500.000 ","tt tiền vật liệu trâm máy + endo TGIP","1. Giá vốn hàng bán","Vật liệu implant","Biến phí","","","","","","","","","","","","","","","","","",""
"09","2025","  195.600.000 ","lab Vũ","1. Giá vốn hàng bán","Lab răng sứ","Biến phí","","","","","","","","","","","","","","","","","",""
"09","2025","  20.500.000 ","lab Thịnh","1. Giá vốn hàng bán","Lab răng sứ","Biến phí","","","","","","","","","","","","","","","","","",""
"09","2025","  100.000.000 ","Quỹ thưởng","6. Chi phí khác","Thưởng tổng cuối năm","Định phí","","","","","","","","","","","","","","","","","",""
"09","2025","  -   ","Dự trù phát sinh","6. Chi phí khác","Quỹ dự phòng","Biến phí","","","","","","","","","","","","","","","","","",""
"09","2025","  7.775.000 ","Mua sắm tài sản","6. Chi phí khác","Mua sắm tài sản","Biến phí","","","","","","","","","","","","","","","","","",""
"09","2025","  14.498.334 ","Thưởng nóng+liên hoan","4. Chi phí nhân sự","Thưởng nóng, liên hoan","Biến phí","","","","","","","","","","","","","","","","","",""
"09","2025","  -   ","Giới thiệu nhân sự","2. Chi phí bán hàng","Chi phí referral/Hoa hồng giới thiệu","Biến phí","","","","","","","","","","","","","","","","","",""
"09","2025","  13.333.333 ","đào tạo nhân sự","4. Chi phí nhân sự","Đào tạo nhân sự","Biến phí","","","","","","","","","","","","","","","","","",""
"10","2025","  43.466.170 ","Mua đồ hành chính","3. Chi phí quản lý doanh nghiệp","Hành chính","Biến phí","","","","","","","","","","","","","","","","","",""
"10","2025","  24.936.000 ","Tiền thuê xe+phí về xe","3. Chi phí quản lý doanh nghiệp","Thuê xe, bãi xe","Định phí","","","","","","","","","","","","","","","","","",""
"10","2025","  2.700.000 ","bãi xe cty+bãi xe nv","3. Chi phí quản lý doanh nghiệp","Hành chính","Biến phí","","","","","","","","","","","","","","","","","",""
"10","2025","  20.151.564 ","điện+nước+wf","3. Chi phí quản lý doanh nghiệp","Điện, nước, wifi","Biến phí","","","","","","","","","","","","","","","","","",""
"10","2025","  24.804.667 ","Cp tiếp khách","6. Chi phí khác","Tiếp khách phòng khám","Biến phí","","","","","","","","","","","","","","","","","",""
"10","2025","  19.295.667 ","tặng phẩm khách","2. Chi phí bán hàng","Tặng phẩm khách","Biến phí","","","","","","","","","","","","","","","","","",""
"10","2025","  245.500.000 ","MKT chạy quảng cáo","2. Chi phí bán hàng","Marketing chạy quảng cáo","Biến phí","","","","","","","","","","","","","","","","","",""
"10","2025","  16.547.334 ","Cp sửa chữa, bảo trì","3. Chi phí quản lý doanh nghiệp","Bảo trì - sửa chữa - khử khuẩn","Biến phí","","","","","","","","","","","","","","","","","",""
"10","2025","","Cộng tác viên","2. Chi phí bán hàng","Agency hoặc freelancer","Biến phí","","","","","","","","","","","","","","","","","",""
"10","2025","  12.952.860 ","Thưởng gián tiếp","2. Chi phí bán hàng","Thưởng gián tiếp","Biến phí","","","","","","","","","","","","","","","","","",""
"10","2025","","Đi trường","2. Chi phí bán hàng","Đi trường","Biến phí","","","","","","","","","","","","","","","","","",""
"10","2025","  28.421.634 ","Hành chính MKT","2. Chi phí bán hàng","Hành chính MKT","Biến phí","","","","","","","","","","","","","","","","","",""
"10","2025","  36.832.250 ","Hoa hòng gth","2. Chi phí bán hàng","Chi phí referral/Hoa hồng giới thiệu","Biến phí","","","","","","","","","","","","","","","","","",""
"10","2025","  25.596.000 ","TikTok","2. Chi phí bán hàng","Chi phí quảng cáo Meta/Google/Tiktok","Biến phí","","","","","","","","","","","","","","","","","",""
"10","2025","","SEO","2. Chi phí bán hàng","Chi phí quảng cáo Meta/Google/Tiktok","Biến phí","","","","","","","","","","","","","","","","","",""
"10","2025","  412.163.708 ","% của NV","4. Chi phí nhân sự","Thưởng KPI","Biến phí","","","","","","","","","","","","","","","","","",""
"10","2025","  4.037.135 ","Phí cà thẻ","6. Chi phí khác","Phí cà thẻ","Biến phí","","","","","","","","","","","","","","","","","",""
"10","2025","  27.159.813 ","Tiếp khách pK(grab, chi phí khác)","6. Chi phí khác","Tiếp khách phòng khám","Biến phí","","","","","","","","","","","","","","","","","",""
"10","2025","  506.933.361 ","Lương","4. Chi phí nhân sự","Lương cố định bộ phận văn phòng","Định phí","","","","","","","","","","","","","","","","","",""
"10","2025","  123.805.667 ","Chi phí MB","3. Chi phí quản lý doanh nghiệp","Thuê mặt bằng","Định phí","","","","","","","","","","","","","","","","","",""
"10","2025","  36.623.333 ","Bảo hiểm","4. Chi phí nhân sự","Bảo hiểm","Định phí","","","","","","","","","","","","","","","","","",""
"10","2025","  18.000.000 ","Thuê bằng bs+bằng y tá","3. Chi phí quản lý doanh nghiệp","Thuê bằng bác sĩ","Định phí","","","","","","","","","","","","","","","","","",""
"10","2025","  8.304.000 ","chi phí cho quận, phường","3. Chi phí quản lý doanh nghiệp","Hành chính","Biến phí","","","","","","","","","","","","","","","","","",""
"10","2025","  36.725.000 ","thuế","3. Chi phí quản lý doanh nghiệp","Hành chính","Biến phí","","","","","","","","","","","","","","","","","",""
"10","2025","  16.559.550 ","implant swiss T4+5","1. Giá vốn hàng bán","Vật liệu implant","Biến phí","","","","","","","","","","","","","","","","","",""
"10","2025","  32.282.333 ","vật liệu đtt, Bao tay y tế, mua thuốc,nước muối, tấm choàng che cổ, gương cầm tay phòng điều trị+túi chườm, mua áo chì , khăn giấy choàng cổ phòng điều trị","1. Giá vốn hàng bán","Vật liệu implant","Biến phí","","","","","","","","","","","","","","","","","",""
"10","2025","  2.268.000 ","kiểm định lò hấp","1. Giá vốn hàng bán","Vật liệu implant","Biến phí","","","","","","","","","","","","","","","","","",""
"10","2025","  7.497.000 ","Cây nạy răng","1. Giá vốn hàng bán","Vật liệu implant","Biến phí","","","","","","","","","","","","","","","","","",""
"10","2025","  4.925.400 ","xnm+chụp phim khách+thuốc khách","1. Giá vốn hàng bán","Vật liệu implant","Biến phí","","","","","","","","","","","","","","","","","",""
"10","2025","  4.019.250 ","xương zimmer","1. Giá vốn hàng bán","Vật liệu implant","Biến phí","","","","","","","","","","","","","","","","","",""
"10","2025","  13.540.000 ","Mua kin","1. Giá vốn hàng bán","Vật liệu implant","Biến phí","","","","","","","","","","","","","","","","","",""
"10","2025","  76.299.000 ","tt trụ Neodent","1. Giá vốn hàng bán","Vật liệu implant","Biến phí","","","","","","","","","","","","","","","","","",""
"10","2025","  6.200.000 ","Mua vật liệu impl","1. Giá vốn hàng bán","Vật liệu implant","Biến phí","","","","","","","","","","","","","","","","","",""
"10","2025","  900.000 ","bóng đèn cực tím","1. Giá vốn hàng bán","Vật liệu implant","Biến phí","","","","","","","","","","","","","","","","","",""
"10","2025","  33.260.000 ","Pk implant strauman","1. Giá vốn hàng bán","Vật liệu implant","Biến phí","","","","","","","","","","","","","","","","","",""
"10","2025","  2.500.000 ","tiền tiền mê","1. Giá vốn hàng bán","Vật liệu implant","Biến phí","","","","","","","","","","","","","","","","","",""
"10","2025","  147.600.000 ","Kí hd JD","1. Giá vốn hàng bán","Vật liệu implant","Biến phí","","","","","","","","","","","","","","","","","",""
"10","2025","  26.300.000 ","Hd xương màn đợt 2","1. Giá vốn hàng bán","Vật liệu implant","Biến phí","","","","","","","","","","","","","","","","","",""
"10","2025","  10.000.000 ","Mua mũi khoan lấy xương TGIP","1. Giá vốn hàng bán","Vật liệu implant","Biến phí","","","","","","","","","","","","","","","","","",""
"10","2025","  39.591.000 ","vật tư t10","1. Giá vốn hàng bán","Vật liệu implant","Biến phí","","","","","","","","","","","","","","","","","",""
"10","2025","  97.100.000 ","Lab","1. Giá vốn hàng bán","Lab răng sứ","Biến phí","","","","","","","","","","","","","","","","","",""
"10","2025","  100.000.000 ","Quỹ thưởng","6. Chi phí khác","Thưởng tổng cuối năm","Định phí","","","","","","","","","","","","","","","","","",""
"10","2025","","Dự trù phát sinh","6. Chi phí khác","Quỹ dự phòng","Biến phí","","","","","","","","","","","","","","","","","",""
"10","2025","  5.547.001 ","Mua sắm tài sản","6. Chi phí khác","Mua sắm tài sản","Biến phí","","","","","","","","","","","","","","","","","",""
"10","2025","  17.113.001 ","Thưởng nóng+liên hoan","4. Chi phí nhân sự","Thưởng nóng, liên hoan","Biến phí","","","","","","","","","","","","","","","","","",""
"10","2025","","Giới thiệu nhân sự","2. Chi phí bán hàng","Chi phí referral/Hoa hồng giới thiệu","Biến phí","","","","","","","","","","","","","","","","","",""
"10","2025","  5.751.667 ","đào tạo nhân sự","4. Chi phí nhân sự","Đào tạo nhân sự","Biến phí","","","","","","","","","","","","","","","","","",""
"11","2025","  75.581.333 ","Mua đồ hành chính","3. Chi phí quản lý doanh nghiệp","Hành chính","Biến phí","","","","","","","","","","","","","","","","","",""
"11","2025","  44.929.000 ","Tiền thuê xe+phí về xe","4. Chi phí nhân sự","Thưởng nóng, liên hoan","Biến phí","","","","","","","","","","","","","","","","","",""
"11","2025","  8.695.000 ","bãi xe cty+bãi xe nv","3. Chi phí quản lý doanh nghiệp","Thuê xe, bãi xe","Định phí","","","","","","","","","","","","","","","","","",""
"11","2025","  43.908.567 ","điện+nước+wf","3. Chi phí quản lý doanh nghiệp","Điện, nước, wifi","Biến phí","","","","","","","","","","","","","","","","","",""
"11","2025","  36.668.000 ","Cp tiếp khách","6. Chi phí khác","Tiếp khách phòng khám","Biến phí","","","","","","","","","","","","","","","","","",""
"11","2025","  76.240.000 ","tặng phẩm khách","2. Chi phí bán hàng","Tặng phẩm khách","Biến phí","","","","","","","","","","","","","","","","","",""
"11","2025","  495.000.000 ","MKT chạy quảng cáo","2. Chi phí bán hàng","Marketing chạy quảng cáo","Biến phí","","","","","","","","","","","","","","","","","",""
"11","2025","  138.831.000 ","Cp sửa chữa, bảo trì","3. Chi phí quản lý doanh nghiệp","Bảo trì - sửa chữa - khử khuẩn","Biến phí","","","","","","","","","","","","","","","","","",""
"11","2025","","Cộng tác viên","2. Chi phí bán hàng","Chi phí referral/Hoa hồng giới thiệu","Biến phí","","","","","","","","","","","","","","","","","",""
"11","2025","  17.138.641 ","Thưởng gián tiếp","2. Chi phí bán hàng","Thưởng gián tiếp","Biến phí","","","","","","","","","","","","","","","","","",""
"11","2025","","Đi trường","2. Chi phí bán hàng","Event marketing","Biến phí","","","","","","","","","","","","","","","","","",""
"11","2025","  39.753.000 ","Hành chính MKT","2. Chi phí bán hàng","Hành chính MKT","Biến phí","","","","","","","","","","","","","","","","","",""
"11","2025","  67.419.700 ","Hoa hòng gth","2. Chi phí bán hàng","Chi phí referral/Hoa hồng giới thiệu","Biến phí","","","","","","","","","","","","","","","","","",""
"11","2025","  25.596.000 ","TikTok","2. Chi phí bán hàng","Chi phí quảng cáo Meta/Google/Tiktok","Biến phí","","","","","","","","","","","","","","","","","",""
"11","2025","","SEO","2. Chi phí bán hàng","Chi phí quảng cáo Meta/Google/Tiktok","Biến phí","","","","","","","","","","","","","","","","","",""
"11","2025","  498.512.748 ","% của NV","4. Chi phí nhân sự","Thưởng KPI","Biến phí","","","","","","","","","","","","","","","","","",""
"11","2025","  20.113.471 ","Phí cà thẻ","6. Chi phí khác","Phí cà thẻ","Biến phí","","","","","","","","","","","","","","","","","",""
"11","2025","  36.981.000 ","Tiếp khách pK(grab,chi phí khác)","6. Chi phí khác","Tiếp khách phòng khám","Biến phí","","","","","","","","","","","","","","","","","",""
"11","2025","  978.299.892 ","Lương","4. Chi phí nhân sự","Lương cố định bộ phận văn phòng","Định phí","","","","","","","","","","","","","","","","","",""
"11","2025","  256.883.250 ","Chi phí MB","3. Chi phí quản lý doanh nghiệp","Thuê mặt bằng","Định phí","","","","","","","","","","","","","","","","","",""
"11","2025","  73.585.013 ","Bảo hiểm","4. Chi phí nhân sự","Bảo hiểm","Định phí","","","","","","","","","","","","","","","","","",""
"11","2025","  36.000.000 ","Thuê bằng bs+bằng y tá","3. Chi phí quản lý doanh nghiệp","Thuê bằng bác sĩ","Định phí","","","","","","","","","","","","","","","","","",""
"11","2025","  22.825.000 ","chi phí cho quận, phường","5. Chi phí thuế và lãi vay","Phường, quận","Biến phí","","","","","","","","","","","","","","","","","",""
"11","2025","  16.666.000 ","thuốc+bóng đèn tủ cực tím+túi chườm+găng tay phẩu thuật, dung dịch vệ sinh, tăm dán Veneer,  tấm phim máy chụp cận chóp","1. Giá vốn hàng bán","Vật liệu implant","Biến phí","","","","","","","","","","","","","","","","","",""
"11","2025","  32.730.000 ","Mua kin, mua compossite, đồ đtt, chất gắn","1. Giá vốn hàng bán","Vật liệu implant","Biến phí","","","","","","","","","","","","","","","","","",""
"11","2025","  39.940.000 ","vật liệu","1. Giá vốn hàng bán","Vật liệu implant","Biến phí","","","","","","","","","","","","","","","","","",""
"11","2025","  10.440.000 ","hd trụ  hiosen","1. Giá vốn hàng bán","Vật liệu implant","Biến phí","","","","","","","","","","","","","","","","","",""
"11","2025","  71.250.000 ","Hd strauman","1. Giá vốn hàng bán","Vật liệu implant","Biến phí","","","","","","","","","","","","","","","","","",""
"11","2025","  5.000.000 ","Tiền tiền mê","1. Giá vốn hàng bán","Vật liệu implant","Biến phí","","","","","","","","","","","","","","","","","",""
"11","2025","  27.816.750 ","trụ neodent","1. Giá vốn hàng bán","Vật liệu implant","Biến phí","","","","","","","","","","","","","","","","","",""
"11","2025","  31.629.750 ","xương zimmer","1. Giá vốn hàng bán","Vật liệu implant","Biến phí","","","","","","","","","","","","","","","","","",""
"11","2025","  4.505.000 ","xnm","1. Giá vốn hàng bán","Vật liệu implant","Biến phí","","","","","","","","","","","","","","","","","",""
"11","2025","  1.080.000 ","kiểm định nồi hấp mới","1. Giá vốn hàng bán","Vật liệu implant","Biến phí","","","","","","","","","","","","","","","","","",""
"11","2025","  26.300.000 ","hd xương màn Việt Đăng","1. Giá vốn hàng bán","Vật liệu implant","Biến phí","","","","","","","","","","","","","","","","","",""
"11","2025","  26.000.000 ","hd biotem","1. Giá vốn hàng bán","Vật liệu implant","Biến phí","","","","","","","","","","","","","","","","","",""
"11","2025","  6.500.000 ","pin máy chụp cận chóp","1. Giá vốn hàng bán","Vật liệu implant","Biến phí","","","","","","","","","","","","","","","","","",""
"11","2025","  10.000.000 ","hd Hiosen","1. Giá vốn hàng bán","Vật liệu implant","Biến phí","","","","","","","","","","","","","","","","","",""
"11","2025","  226.970.000 ","lab implant","1. Giá vốn hàng bán","Lab răng sứ","Biến phí","","","","","","","","","","","","","","","","","",""
"11","2025","  486.400.000 ","lab sứ","1. Giá vốn hàng bán","Lab răng sứ","Biến phí","","","","","","","","","","","","","","","","","",""
"11","2025","  100.000.000 ","Quỹ thưởng","6. Chi phí khác","Thưởng tổng cuối năm","Định phí","","","","","","","","","","","","","","","","","",""
"11","2025","","Dự trù phát sinh","6. Chi phí khác","Quỹ dự phòng","Biến phí","","","","","","","","","","","","","","","","","",""
"11","2025","  56.338.500 ","Mua sắm tài sản","6. Chi phí khác","Mua sắm tài sản","Biến phí","","","","","","","","","","","","","","","","","",""
"11","2025","  20.208.000 ","Thưởng nóng+liên hoan","4. Chi phí nhân sự","Thưởng nóng, liên hoan","Biến phí","","","","","","","","","","","","","","","","","",""
"11","2025","  -   ","Giới thiệu nhân sự","6. Chi phí khác","Giới thiệu nhân sự","Biến phí","","","","","","","","","","","","","","","","","",""
"11","2025","  -   ","đào tạo nhân sự","4. Chi phí nhân sự","Đào tạo nhân sự","Biến phí","","","","","","","","","","","","","","","","","",""
"12","2025","  66.140.000 ","Mua đồ hành chính","3. Chi phí quản lý doanh nghiệp","Hành chính","Biến phí","","","","","","","","","","","","","","","","","",""
"12","2025","  49.790.000 ","Tiền thuê xe+phí về xe","3. Chi phí quản lý doanh nghiệp","Thuê xe, bãi xe","Định phí","","","","","","","","","","","","","","","","","",""
"12","2025","  4.000.000 ","bãi xe cty+bãi xe nv","3. Chi phí quản lý doanh nghiệp","Thuê xe, bãi xe","Định phí","","","","","","","","","","","","","","","","","",""
"12","2025","  33.102.947 ","điện+nước+wf","3. Chi phí quản lý doanh nghiệp","Điện, nước, wifi","Biến phí","","","","","","","","","","","","","","","","","",""
"12","2025","  37.361.000 ","Cp tiếp khách","6. Chi phí khác","Tiếp khách phòng khám","Biến phí","","","","","","","","","","","","","","","","","",""
"12","2025","  30.995.000 ","tặng phẩm khách","2. Chi phí bán hàng","Tặng phẩm khách","Biến phí","","","","","","","","","","","","","","","","","",""
"12","2025","  550.000.000 ","MKT chạy quảng cáo","2. Chi phí bán hàng","Marketing chạy quảng cáo","Biến phí","","","","","","","","","","","","","","","","","",""
"12","2025","  33.654.500 ","Cp sửa chữa, bảo trì","3. Chi phí quản lý doanh nghiệp","Bảo trì - sửa chữa - khử khuẩn","Biến phí","","","","","","","","","","","","","","","","","",""
"12","2025","","Cộng tác viên","2. Chi phí bán hàng","Chi phí referral/Hoa hồng giới thiệu","Biến phí","","","","","","","","","","","","","","","","","",""
"12","2025","","Thưởng gián tiếp","2. Chi phí bán hàng","Chi phí referral/Hoa hồng giới thiệu","Biến phí","","","","","","","","","","","","","","","","","",""
"12","2025","","Đi trường","2. Chi phí bán hàng","Đi trường","Biến phí","","","","","","","","","","","","","","","","","",""
"12","2025","  35.206.000 ","Hành chính MKT","2. Chi phí bán hàng","Hành chính MKT","Biến phí","","","","","","","","","","","","","","","","","",""
"12","2025","  76.880.600 ","Hoa hòng gth","2. Chi phí bán hàng","Chi phí referral/Hoa hồng giới thiệu","Biến phí","","","","","","","","","","","","","","","","","",""
"12","2025","  25.596.000 ","TikTok","2. Chi phí bán hàng","Chi phí quảng cáo Meta/Google/Tiktok","Biến phí","","","","","","","","","","","","","","","","","",""
"12","2025","","SEO","2. Chi phí bán hàng","Chi phí quảng cáo Meta/Google/Tiktok","Biến phí","","","","","","","","","","","","","","","","","",""
"12","2025","  717.849.482 ","% của NV","4. Chi phí nhân sự","Thưởng KPI","Biến phí","","","","","","","","","","","","","","","","","",""
"12","2025","  19.930.934 ","Phí cà thẻ","6. Chi phí khác","Phí cà thẻ","Biến phí","","","","","","","","","","","","","","","","","",""
"12","2025","  34.626.000 ","Tiếp khách pK(grab,chi phí khác)","6. Chi phí khác","Tiếp khách phòng khám","Biến phí","","","","","","","","","","","","","","","","","",""
"12","2025","  972.436.598 ","Lương","4. Chi phí nhân sự","Lương cố định bộ phận văn phòng","Định phí","","","","","","","","","","","","","","","","","",""
"12","2025","  257.526.750 ","Chi phí MB","3. Chi phí quản lý doanh nghiệp","Thuê mặt bằng","Định phí","","","","","","","","","","","","","","","","","",""
"12","2025","  62.467.480 ","Bảo hiểm","4. Chi phí nhân sự","Bảo hiểm","Định phí","","","","","","","","","","","","","","","","","",""
"12","2025","  45.032.259 ","Thuê bằng bs+bằng y tá","3. Chi phí quản lý doanh nghiệp","Thuê bằng bác sĩ","Định phí","","","","","","","","","","","","","","","","","",""
"12","2025","  17.000.000 ","chi phí cho quận, phường","5. Chi phí thuế và lãi vay","Phường, quận","Biến phí","","","","","","","","","","","","","","","","","",""
"12","2025","","thuế","5. Chi phí thuế và lãi vay","Thuế GTGT/ TNCN/ TNDN/ môn bài/ lệ phí..nộp NSNN","Biến phí","","","","","","","","","","","","","","","","","",""
"12","2025","  35.340.000 ","Thuốc, túi đá gel chườm lạnh, cây đánh bóng, cao su lấy dấu, thuốc giảm đau + gạc + nước muối, Metrogyl, Chụp film, mua dây đo định vị chóp nội nha, nước rửa tay y khoa, bộ đồ khám,mua đai trám, chất gắn veneer, chốt sợi, đầu đánh bóng+ bóng đèn tủ cực tím đầu trộn cao su, mũi khoan, dây đo nội nha, khẩu trang, Sáp cầm máu, mua bông xốp cầm máu TGIP, mua khăn choàng xanh, mua cây bóc tách nướu + kẹp phẫu thuật","1. Giá vốn hàng bán","Vật tư tiêu hao","Biến phí","","","","","","","","","","","","","","","","","",""
"12","2025","  39.748.000 ","thuốc chống ê, Kin, thuốc tê, Kim khoan răng","1. Giá vốn hàng bán","Vật tư tiêu hao","Biến phí","","","","","","","","","","","","","","","","","",""
"12","2025","  140.126.022 ","thanh toán tiền trụ Anthogy+dentium + tax + pin","1. Giá vốn hàng bán","Vật tư tiêu hao","Biến phí","","","","","","","","","","","","","","","","","",""
"12","2025","  10.293.000 ","Giấy in phim,Tiền xnm t11","1. Giá vốn hàng bán","Vật tư tiêu hao","Biến phí","","","","","","","","","","","","","","","","","",""
"12","2025","  6.000.000 ","tiền bs tiền mê","1. Giá vốn hàng bán","Vật tư tiêu hao","Biến phí","","","","","","","","","","","","","","","","","",""
"12","2025","  24.855.000 ","xi măng gắn, bond, composite, bộ đồ phẫu thuật implant, gương phóng đại soi trong miệng, khăn choàng che cổ, nhận mũi khoan mở cổ IP","1. Giá vốn hàng bán","Vật tư tiêu hao","Biến phí","","","","","","","","","","","","","","","","","",""
"12","2025","  71.250.000 ","hd strauman đợt 2","1. Giá vốn hàng bán","Vật tư tiêu hao","Biến phí","","","","","","","","","","","","","","","","","",""
"12","2025","  34.892.000 ","phôi + cylinder+abutment","1. Giá vốn hàng bán","Vật tư tiêu hao","Biến phí","","","","","","","","","","","","","","","","","",""
"12","2025","  123.812.000 ","vật tư","1. Giá vốn hàng bán","Vật tư tiêu hao","Biến phí","","","","","","","","","","","","","","","","","",""
"12","2025","  49.118.000 ","xương zimmer+xương màng","1. Giá vốn hàng bán","Vật tư tiêu hao","Biến phí","","","","","","","","","","","","","","","","","",""
"12","2025","  425.008.000 ","kí hd 1000 trụ dentium","1. Giá vốn hàng bán","Vật tư tiêu hao","Biến phí","","","","","","","","","","","","","","","","","",""
"12","2025","  10.000.000 ","hd ostem kì cuối","1. Giá vốn hàng bán","Vật tư tiêu hao","Biến phí","","","","","","","","","","","","","","","","","",""
"12","2025","  4.500.000 ","lab AZ tháo lắp","1. Giá vốn hàng bán","Lab răng sứ","Biến phí","","","","","","","","","","","","","","","","","",""
"12","2025","  170.120.000 ","lab implant","1. Giá vốn hàng bán","Lab răng sứ","Biến phí","","","","","","","","","","","","","","","","","",""
"12","2025","  529.300.000 ","lab Thịnh","1. Giá vốn hàng bán","Lab răng sứ","Biến phí","","","","","","","","","","","","","","","","","",""
"12","2025","  100.000.000 ","Quỹ thưởng","6. Chi phí khác","Thưởng tổng cuối năm","Định phí","","","","","","","","","","","","","","","","","",""
"12","2025","","Dự trù phát sinh","6. Chi phí khác","Quỹ dự phòng","Biến phí","","","","","","","","","","","","","","","","","",""
"12","2025","  51.021.000 ","Mua sắm tài sản","6. Chi phí khác","Mua sắm tài sản","Biến phí","","","","","","","","","","","","","","","","","",""
"12","2025","  13.099.000 ","Thưởng nóng+liên hoan","4. Chi phí nhân sự","Thưởng nóng, liên hoan","Biến phí","","","","","","","","","","","","","","","","","",""
"12","2025","","Giới thiệu nhân sự","6. Chi phí khác","Giới thiệu nhân sự","Biến phí","","","","","","","","","","","","","","","","","",""
"12","2025","  25.537.500 ","đào tạo nhân sự","4. Chi phí nhân sự","Đào tạo nhân sự","Biến phí","","","","","","","","","","","","","","","","","",""